season,st_id,beta
202003,1103,0.924494052
202003,1217,0.968597881
202003,1312,0.98172113
202003,1313,1.647993099
202003,1416,1.197167724
202003,1447,0.902398009
202003,1455,0.52502364
202003,1460,0.702964455
202003,1466,-0.018917218
202003,1467,0.939941001
202003,1517,1.579289766
202003,1604,0.805656204
202003,1608,0.851710153
202003,1612,1.372752635
202003,1618,0.760308119
202003,1718,-0.162604811
202003,1802,1.62001745
202003,1806,0.753696967
202003,1815,0.802250405
202003,1907,1.418458459
202003,2007,0.988171962
202003,2014,1.110152282
202003,2023,1.11643449
202003,2028,0.727383871
202003,2031,1.40592327
202003,2104,1.416939926
202003,2107,1.0636098
202003,2204,0.984063034
202003,2328,1.083945527
202003,2352,1.172570709
202003,2353,1.168909495
202003,2357,1.010992881
202003,2363,2.187426199
202003,2374,0.866805517
202003,2392,0.927610026
202003,2401,1.606852843
202003,2409,1.377636512
202003,2413,1.909800228
202003,2431,1.776279353
202003,2457,1.985011523
202003,2460,1.831273231
202003,2461,1.159691808
202003,2489,1.323323271
202003,2545,0.515270507
202003,2603,0.757929666
202003,2606,0.855759698
202003,2823,0.952404815
202003,2881,0.96610357
202003,2882,0.672082969
202003,2883,0.808783326
202003,2888,0.962912033
202003,2891,0.837758876
202003,2915,0.470689398
202003,3015,1.294296846
202003,3040,1.24174379
202003,3048,0.874970335
202003,3050,0.621882516
202003,3290,0.733919011
202003,3294,0.800862572
202003,3311,0.672812409
202003,3419,0.977777412
202003,3437,1.766417169
202003,3455,0.585732289
202003,3481,1.226898561
202003,3508,1.284071306
202003,3607,1.17658765
202003,3615,1.421725163
202003,3704,1.611030997
202003,4121,1.466731597
202003,4306,1.055758341
202003,4414,0.869739162
202003,4526,0.660958609
202003,4906,1.029214661
202003,4930,1.521042885
202003,4939,1.207243022
202003,5452,1.604698077
202003,5469,2.000382571
202003,5519,0.604971589
202003,5603,0.868541407
202003,5608,0.877068907
202003,5905,0.855895899
202003,6116,1.397080132
202003,6133,0.971497237
202003,6153,1.464874827
202003,6191,2.221520221
202003,6219,0.767254101
202003,6220,1.631080305
202003,6603,0.723379026
202003,6605,0.605083118
202003,8040,1.166789789
202003,8054,1.592664341
202003,8110,1.640181528
202003,8390,1.68380433
202003,8403,0.698042868
202003,9904,1.006097633
202003,9907,1.129800631
202003,9934,0.584841321
202003,9944,0.6565605
202003,9945,0.752637835
202003,9955,1.295730878
201904,1104,0.748539996
201904,1109,0.971896221
201904,1304,1.263067621
201904,1305,1.481926281
201904,1308,0.78769861
201904,1314,0.992034264
201904,1316,1.363416056
201904,1434,0.62015192
201904,1440,1.049446502
201904,1569,1.809874808
201904,1605,0.836612784
201904,1609,1.306036846
201904,1611,0.506257441
201904,1718,1.214598813
201904,1785,1.306834516
201904,1802,1.186088277
201904,1909,1.291985229
201904,2009,1.291381274
201904,2013,1.089653759
201904,2303,0.472604207
201904,2317,1.020540455
201904,2323,1.255262344
201904,2324,0.724280981
201904,2331,1.31620722
201904,2332,1.336901465
201904,2355,1.395684544
201904,2369,1.352741266
201904,2392,1.57418341
201904,2393,1.574970505
201904,2399,1.478290913
201904,2402,1.47366618
201904,2405,1.401766653
201904,2417,1.221865225
201904,2426,1.53206897
201904,2453,1.415390622
201904,2457,1.465934052
201904,2501,1.137028487
201904,2504,1.146725473
201904,2514,1.106894023
201904,2515,1.060797124
201904,2520,1.327415605
201904,2536,0.892384683
201904,2545,1.190387976
201904,2605,1.18681768
201904,2606,0.970124113
201904,2607,0.731870375
201904,2614,1.077483934
201904,2615,1.125043045
201904,2617,0.911073824
201904,2809,1.185893454
201904,2836,0.790051269
201904,2838,0.935983931
201904,2841,1.028859059
201904,2867,1.278581683
201904,3006,1.565526584
201904,3015,1.001387668
201904,3041,1.623214938
201904,3047,1.467970365
201904,3052,1.104102993
201904,3055,0.631517093
201904,3060,1.263940218
201904,3189,1.802056388
201904,3231,1.468104936
201904,3265,1.361711725
201904,3289,1.583992672
201904,3437,1.594685434
201904,3545,1.136555106
201904,3551,1.506434656
201904,3552,1.687356736
201904,3669,0.880442864
201904,3679,1.336919144
201904,3682,1.263832339
201904,3706,1.197949361
201904,3708,1.306222527
201904,3712,1.597885814
201904,4938,1.197230944
201904,4942,1.25708452
201904,5213,1.10941711
201904,5351,1.674052625
201904,5356,0.986254883
201904,5371,1.065246147
201904,5481,0.573448251
201904,5490,1.4081152
201904,5498,1.642751201
201904,5522,1.084529617
201904,5531,0.737524355
201904,6127,1.611464571
201904,6141,1.564714716
201904,6163,1.320210606
201904,6191,1.514777122
201904,6207,1.120355924
201904,6209,1.699918868
201904,6219,0.412009476
201904,6223,1.658139021
201904,6226,1.009445436
201904,6261,1.140436508
201904,8011,1.343337788
201904,8042,1.224354855
201904,8096,1.47574867
201904,8110,1.609890091
202002,1104,0.576307484
202002,1309,2.21712193
202002,1312,1.514574914
202002,1313,1.184244362
202002,1315,0.91198854
202002,1336,0.450200191
202002,1409,0.710012454
202002,1444,1.19353658
202002,1457,0.602950109
202002,1517,1.099443363
202002,1569,2.094410805
202002,1587,0.746113995
202002,1605,1.094514406
202002,1612,0.575637855
202002,1701,0.821760124
202002,1712,0.396320542
202002,1714,1.273967238
202002,1721,0.535596144
202002,1731,0.581772113
202002,1905,0.5177961
202002,1906,0.973241522
202002,1907,0.787664261
202002,2013,0.515165964
202002,2201,1.398576009
202002,2204,0.829734135
202002,2305,0.98794489
202002,2323,1.26965731
202002,2331,0.893003825
202002,2349,0.917074091
202002,2362,0.98090373
202002,2399,0.735442382
202002,2409,2.048747311
202002,2426,1.404446021
202002,2461,1.135149916
202002,2486,1.480095656
202002,2489,1.255831436
202002,2505,1.068318288
202002,2515,0.990736541
202002,2535,0.55733328
202002,2537,0.65369932
202002,2603,1.075140237
202002,2609,1.074424597
202002,2610,0.788447401
202002,2615,1.142069073
202002,2845,0.583121049
202002,3015,1.375371682
202002,3028,0.469186481
202002,3033,0.433301936
202002,3047,1.217827399
202002,3052,0.999670298
202002,3060,1.36345226
202002,3272,1.212450512
202002,3311,1.03107981
202002,3419,1.194360559
202002,3490,0.521835728
202002,3498,0.926128429
202002,3508,1.36998659
202002,3550,0.648005944
202002,3605,1.469820887
202002,3607,1.290568464
202002,3615,0.757250032
202002,3624,1.139135432
202002,3686,1.295299114
202002,3689,0.820416248
202002,3703,1.366940011
202002,3704,1.430837854
202002,3710,0.88648168
202002,4113,1.400587897
202002,4114,0.235403956
202002,4306,1.074512297
202002,4414,0.759827924
202002,4432,1.090610752
202002,4433,0.568384133
202002,4720,0.487657709
202002,4746,0.6032366
202002,4906,0.966871244
202002,4956,1.492750266
202002,4960,1.392817475
202002,4999,1.246151102
202002,5371,0.884920691
202002,5392,0.868789031
202002,5452,0.653856636
202002,5493,0.647567449
202002,5521,1.23384208
202002,6108,0.861745669
202002,6156,1.22833334
202002,6191,1.338865781
202002,6219,0.640894033
202002,6220,1.194923705
202002,6235,1.262036735
202002,6282,0.674389215
202002,6405,0.17112433
202002,8040,2.027915655
202002,8093,1.486999463
202002,8103,1.322177542
202002,8105,1.638937832
202002,8111,0.836401734
202002,8289,1.22821618
202002,8942,0.643361925
202002,9907,0.965614393
202103,1103,0.865233376
202103,1217,0.877980382
202103,1235,0.427735221
202103,1409,1.047644147
202103,1414,1.724990971
202103,1442,0.316396256
202103,1451,0.684641235
202103,1459,1.655669467
202103,1460,0.956788492
202103,1471,1.78508264
202103,1528,0.910777663
202103,1532,0.458576667
202103,1595,0.862330433
202103,1603,1.264912274
202103,1604,0.084188845
202103,1605,1.668357139
202103,1714,0.911967475
202103,1718,1.123907177
202103,1806,1.345620797
202103,1810,0.871724688
202103,1815,1.784514695
202103,2023,1.871072804
202103,2062,0.791352366
202103,2069,2.005416472
202103,2103,0.952852591
202103,2104,1.236578642
202103,2107,0.473548838
202103,2208,1.393890067
202103,2316,0.707892021
202103,2323,0.871246446
202103,2324,0.0293501
202103,2331,1.438621376
202103,2337,1.252900034
202103,2344,1.666510849
202103,2347,0.712733662
202103,2349,0.638953432
202103,2355,1.303909415
202103,2362,0.639672249
202103,2363,2.06378186
202103,2369,2.259585409
202103,2408,1.17913199
202103,2409,1.07575552
202103,2482,1.293102727
202103,2485,1.346455747
202103,2527,0.911617195
202103,2537,0.781491028
202103,2548,0.306172565
202103,2617,2.021017372
202103,2704,0.40051212
202103,2823,0.26146848
202103,2845,0.347305235
202103,2915,1.471096514
202103,3011,1.356963079
202103,3015,1.163906399
202103,3036,1.046653774
202103,3047,1.044967081
202103,3050,0.624145919
202103,3060,2.234082951
202103,3202,1.152384278
202103,3252,0.713909771
202103,3265,1.720571211
202103,3290,0.231969901
202103,3297,1.462237895
202103,3303,0.280066661
202103,3363,1.290135776
202103,3432,0.856948068
202103,3434,-0.083320071
202103,3481,0.978044584
202103,3607,1.434303158
202103,3622,1.229742949
202103,3689,1.937771809
202103,3706,0.543341944
202103,3710,0.68390918
202103,3714,1.515904919
202103,4303,0.248875483
202103,4414,0.534320819
202103,4534,1.541975134
202103,4707,0.543724601
202103,4714,1.098032349
202103,4930,1.122282326
202103,5011,0.668673852
202103,5014,2.261700747
202103,5426,0.227020211
202103,5469,1.310869829
202103,5521,0.654607849
202103,5603,1.854137051
202103,6120,1.708840494
202103,6153,1.333013074
202103,6156,1.021254546
202103,6163,1.169999154
202103,6167,0.689575784
202103,6191,1.021065642
202103,6251,1.452320951
202103,6265,1.092656398
202103,6270,0.758809686
202103,6605,0.762178794
202103,8091,0.75556691
202103,8105,1.448013165
202103,8249,0.502904199
202103,9907,0.924395497
202103,1103,0.975079125
202103,1315,0.428193884
202103,1409,1.181433691
202103,1442,0.18276957
202103,1451,0.705414311
202103,1459,2.097841212
202103,1460,1.056781776
202103,1471,1.868712676
202103,1528,0.714380375
202103,1532,0.617619685
202103,1539,0.43024509
202103,1595,0.974164655
202103,1604,-0.098890752
202103,1605,1.781948298
202103,1718,1.259736014
202103,1806,1.309664893
202103,1810,1.032374162
202103,1815,1.699812376
202103,2002,0.760636674
202103,2008,1.682569421
202103,2023,1.912988543
202103,2062,1.003291143
202103,2069,2.213676112
202103,2103,1.111212191
202103,2104,1.176722858
202103,2208,1.301171829
202103,2316,0.747225933
202103,2323,0.914976955
202103,2324,0.046433806
202103,2337,1.096672265
202103,2347,0.816508221
202103,2349,0.674646666
202103,2355,1.408417085
202103,2363,1.800703891
202103,2408,0.967413008
202103,2409,1.181962139
202103,2444,0.689014241
202103,2471,0.432674746
202103,2482,1.660941358
202103,2485,1.5451761
202103,2527,0.961830957
202103,2537,0.806434173
202103,2548,0.364113581
202103,2617,2.243231668
202103,2704,0.464918324
202103,2823,0.303395708
202103,2852,0.528153029
202103,2915,1.589346819
202103,3011,1.591694426
202103,3015,1.279513795
202103,3047,1.394851352
202103,3050,0.67490863
202103,3060,2.109713202
202103,3114,1.407434459
202103,3202,1.196966356
202103,3265,1.669023998
202103,3290,0.072606471
202103,3297,1.542831464
202103,3303,0.559274581
202103,3363,1.667048471
202103,3390,0.429532085
202103,3432,0.805856235
202103,3481,1.003385786
202103,3607,1.530285914
202103,3615,1.47626391
202103,3622,1.31420098
202103,3689,1.927735296
202103,3706,0.586248857
202103,3710,0.649697454
202103,3714,1.524522201
202103,4414,0.965027273
202103,4526,0.937991867
202103,4529,0.773286536
202103,4534,1.635323527
202103,4541,0.839271288
202103,4714,1.170075535
202103,4930,1.275752463
202103,5014,2.076723781
202103,5315,0.946429972
202103,5426,0.220089819
202103,5469,1.36292649
202103,5512,0.374659843
202103,5521,0.788723218
202103,5603,1.50128323
202103,6120,1.841799039
202103,6136,0.419487737
202103,6153,1.62730624
202103,6156,0.896782818
202103,6163,1.573827243
202103,6167,0.651789147
202103,6191,0.859224753
202103,6251,1.596080305
202103,6270,0.973320538
202103,8091,0.94226969
202103,8096,1.267358555
202103,8105,1.545540165
202103,8222,1.053860834
202103,8249,1.007702223
202103,9907,0.856833322
202103,9962,1.990769691
202004,1103,0.795997254
202004,1109,0.520077889
202004,1304,1.385871522
202004,1308,0.903173113
202004,1310,0.763202604
202004,1312,1.028969622
202004,1313,1.216891929
202004,1314,1.424418848
202004,1417,0.489103584
202004,1423,0.87922023
202004,1440,1.349956098
202004,1444,1.099597333
202004,1447,1.410339272
202004,1451,0.580159815
202004,1452,0.494908438
202004,1455,1.321724597
202004,1456,0.950194838
202004,1466,-0.04820209
202004,1474,0.541609004
202004,1517,0.669151227
202004,1532,0.699307414
202004,1608,1.792588245
202004,1802,1.629491234
202004,1806,0.312168455
202004,1815,0.76237014
202004,2007,1.8182883
202004,2010,1.238310103
202004,2017,1.431613597
202004,2023,1.509949771
202004,2029,1.302083713
202004,2030,1.32619564
202004,2062,0.680873414
202004,2104,0.890982031
202004,2201,0.907928029
202004,2323,1.112035644
202004,2324,0.670367166
202004,2332,0.917094224
202004,2355,0.780608779
202004,2362,0.540505474
202004,2374,0.469783786
202004,2380,0.755832845
202004,2409,1.775104341
202004,2442,0.763033032
202004,2453,0.479364334
202004,2474,0.97554152
202004,2489,0.862754387
202004,2498,0.584015772
202004,2501,0.740934815
202004,2509,0.430498737
202004,2511,0.800191031
202004,2514,0.324424224
202004,2520,0.345017141
202004,2527,0.556334224
202004,2534,0.290922655
202004,2547,1.015110316
202004,2601,0.873597077
202004,2610,0.807490559
202004,2611,1.324332188
202004,2618,0.791672996
202004,2743,0.558253656
202004,2867,0.537830033
202004,2905,0.737779431
202004,2916,0.024116661
202004,3049,0.991053607
202004,3056,0.298877803
202004,3265,0.679548262
202004,3311,0.70462248
202004,3481,1.470577384
202004,3522,0.376079319
202004,3543,1.43475059
202004,3550,0.847931836
202004,3607,0.77893123
202004,3712,1.605098297
202004,4414,0.889373339
202004,4550,0.096498837
202004,4702,0.984383192
202004,4942,0.374130713
202004,4960,1.031937599
202004,4972,0.135191132
202004,5213,0.249341051
202004,5356,0.322882728
202004,5392,0.498193109
202004,5519,0.514678235
202004,5522,0.827597308
202004,5531,1.712756313
202004,5534,0.271715655
202004,5603,1.318455633
202004,6116,1.296474718
202004,6163,0.728157554
202004,6164,0.831771463
202004,6171,0.447050615
202004,6186,0.088112435
202004,6603,0.915659935
202004,6605,1.222737004
202004,8064,0.891522006
202004,8107,1.0399153
202004,8289,0.775897472
202004,9904,0.810482625
202004,9927,0.469787674
202004,9934,0.248603191
202101,1307,1.005462077
202101,1312,1.204883564
202101,1314,1.559540884
202101,1339,0.324038901
202101,1416,1.075506773
202101,1417,0.673637807
202101,1447,1.438297779
202101,1451,0.968875571
202101,1452,0.566987607
202101,1456,1.491803201
202101,1460,-0.564048362
202101,1466,1.17613502
202101,1473,0.778241279
202101,1524,1.294239578
202101,1528,1.083693338
202101,1531,1.369924036
202101,1540,0.73808437
202101,1809,1.791508437
202101,1815,1.549643225
202101,2062,1.40100826
202101,2069,1.781290633
202101,2201,1.155857418
202101,2208,1.67694604
202101,2359,0.993436626
202101,2363,1.840561163
202101,2367,0.667465395
202101,2369,1.830477908
202101,2409,2.238908573
202101,2430,0.745694941
202101,2431,1.239470945
202101,2489,1.091353051
202101,2506,0.830571231
202101,2511,0.774070438
202101,2516,0.991311223
202101,2527,0.604638815
202101,2538,0.587881852
202101,2611,1.782478193
202101,2612,1.87145931
202101,2736,1.472119562
202101,2809,0.62550081
202101,2823,0.885323986
202101,2851,0.943041266
202101,2867,0.890410916
202101,2881,0.956957226
202101,2882,1.099014481
202101,2883,1.003811192
202101,2888,0.957512974
202101,2891,0.741704493
202101,2905,1.073533793
202101,2915,0.788290299
202101,3049,1.635344156
202101,3056,0.536479
202101,3308,1.443454891
202101,3354,1.577979255
202101,3390,1.353513186
202101,3432,1.118623541
202101,3481,2.143184547
202101,3489,0.897532375
202101,3494,1.282996996
202101,3498,1.334914899
202101,3522,1.274912095
202101,3535,1.379159643
202101,3543,0.806277826
202101,3591,1.613456251
202101,3607,1.794737496
202101,3615,1.635925931
202101,3712,1.645113518
202101,4306,1.076325773
202101,4402,1.403243064
202101,4406,-0.726598344
202101,4513,1.259096387
202101,4534,0.953962437
202101,4711,0.678868888
202101,4716,1.234116786
202101,4746,0.631758029
202101,4960,1.622091151
202101,5464,0.90974803
202101,5488,1.197015565
202101,5512,0.946405276
202101,5515,0.805328925
202101,6114,0.69693899
202101,6116,2.015618055
202101,6171,0.588118596
202101,6186,0.32934313
202101,6215,1.043002961
202101,6226,1.557381615
202101,6264,1.455205038
202101,6265,1.717104701
202101,6405,1.367770285
202101,6605,1.181066788
202101,8043,2.00144282
202101,8071,1.220251079
202101,8096,1.200165401
202101,8105,1.771486793
202101,8240,1.371483793
202101,8289,1.525637095
202101,8473,0.51846905
202101,8905,0.447038644
202101,9904,1.197760945
202101,9945,0.826058806
202102,1308,2.100521027
202102,1314,1.245083034
202102,1409,1.339792271
202102,1416,0.56006306
202102,1417,1.327294676
202102,1442,0.482981689
202102,1447,2.181530246
202102,1455,1.933751144
202102,1456,-0.147567988
202102,1457,1.214450804
202102,1459,1.336107049
202102,1504,0.526275548
202102,1528,1.72924361
202102,1570,0.812984784
202102,1595,0.461210438
202102,1605,1.94206158
202102,1616,1.731067957
202102,1714,1.056313885
202102,1727,0.304376449
202102,1810,1.759269689
202102,1815,2.236787752
202102,1906,0.927277579
202102,2062,1.126016976
202102,2064,1.540385726
202102,2103,1.449409604
202102,2208,1.270799182
202102,2331,1.638098592
202102,2344,1.896523927
202102,2349,1.011696957
202102,2359,0.569089109
202102,2371,0.93201539
202102,2374,0.69351119
202102,2408,1.126059591
202102,2409,1.601479669
202102,2442,0.429174745
202102,2462,1.072644893
202102,2482,1.150678119
202102,2483,1.098713725
202102,2491,2.182472573
202102,2498,1.478417954
202102,2505,0.576608962
202102,2511,0.578802378
202102,2535,0.448576704
202102,2537,0.62449467
202102,2545,0.424524704
202102,2546,0.193161776
202102,2611,2.50896654
202102,2612,2.324334751
202102,2838,0.244339123
202102,2867,0.585173867
202102,2887,0.458968948
202102,2905,0.634101421
202102,3011,1.699771107
202102,3024,1.54361915
202102,3028,0.629169927
202102,3033,1.229531186
202102,3049,1.007885805
202102,3060,2.499379723
202102,3213,0.582214352
202102,3231,0.539621293
202102,3297,1.211709491
202102,3306,1.10979842
202102,3481,1.483482208
202102,3498,1.229108699
202102,3543,0.253184862
202102,3615,1.720217181
202102,3689,0.864298385
202102,3706,0.542206308
202102,3714,1.004628247
202102,4526,1.130123446
202102,4541,0.956040637
202102,4746,0.228950078
202102,4916,0.976388058
202102,4942,0.468007115
202102,4960,1.202667104
202102,5011,1.202518172
202102,5521,0.622056915
202102,6108,1.118695404
202102,6113,0.715113139
202102,6139,0.842330927
202102,6154,0.839526355
202102,6161,0.019885576
202102,6167,1.059773378
202102,6227,0.300223407
202102,6251,1.553579181
202102,6265,1.493110681
202102,6270,0.815832479
202102,6499,0.682121328
202102,6508,0.390285035
202102,6609,0.485468806
202102,8032,-0.146301511
202102,8064,1.801822226
202102,8096,1.550005575
202102,8105,1.586114322
202102,8213,0.38837786
202102,8271,1.606619383
202102,8289,1.925395428
202102,8383,0.431092187
202102,8905,0.109737663
202102,9902,1.214771991
202203,1217,1.015430613
202203,1314,0.813576831
202203,1316,1.494198644
202203,1336,1.292837886
202203,1339,1.015828605
202203,1439,0.365182141
202203,1603,1.42084
202203,1608,1.675552408
202203,1905,1.091746182
202203,1907,1.326194896
202203,2204,0.635609475
202203,2331,1.248217676
202203,2347,0.416860282
202203,2352,0.808020212
202203,2354,0.993343327
202203,2355,1.341851792
202203,2359,1.39931192
202203,2367,1.212342777
202203,2371,0.384290476
202203,2374,1.544099031
202203,2387,1.33492438
202203,2392,1.104278758
202203,2425,1.09495657
202203,2444,1.486515145
202203,2474,0.555981177
202203,2485,1.459226271
202203,2488,0.506131662
202203,2489,1.494527579
202203,2501,0.696510593
202203,2538,0.432919249
202203,2611,1.909304171
202203,2641,1.913243577
202203,2736,1.832151558
202203,2834,0.417438131
202203,2867,0.832909597
202203,2897,0.830805592
202203,2903,0.519877269
202203,2905,0.732975735
202203,2913,0.394987604
202203,3013,1.133754129
202203,3022,1.479231226
202203,3047,2.262936315
202203,3050,0.746181867
202203,3056,0.980682222
202203,3227,1.340028773
202203,3231,0.537021916
202203,3272,1.205565618
202203,3290,1.111982884
202203,3296,1.691663238
202203,3323,1.40911151
202203,3346,1.599119626
202203,3376,0.984042052
202203,3390,1.782532754
202203,3419,2.087663662
202203,3432,2.23707233
202203,3531,0.648545547
202203,3594,1.823045248
202203,3679,0.704721182
202203,3693,1.335560557
202203,3694,1.429187486
202203,3704,1.328645073
202203,3706,0.805369708
202203,3708,1.074813948
202203,3710,1.523378386
202203,4129,0.923618769
202203,4432,2.589612706
202203,4438,0.894361204
202203,4541,1.361672849
202203,4543,1.897141576
202203,4566,1.739896431
202203,4746,1.327233012
202203,4960,1.004288584
202203,5011,1.441696098
202203,5315,0.883892397
202203,5426,1.93975986
202203,5469,1.231348704
202203,5603,1.855543575
202203,6109,1.581237688
202203,6114,1.881640096
202203,6117,1.417663242
202203,6139,1.09225796
202203,6140,1.290194573
202203,6153,1.296505885
202203,6156,1.466017951
202203,6167,1.533759161
202203,6220,1.30767077
202203,6269,0.939403216
202203,6442,1.699527914
202203,6578,0.871246421
202203,6605,1.175891962
202203,8089,0.509824915
202203,8091,1.630957585
202203,8105,1.473263293
202203,8110,1.596869651
202203,8234,1.238967987
202203,8249,0.83696656
202203,8450,1.712778426
202203,8942,0.667485885
202203,9904,1.249312581
202203,9924,0.523399544
202203,1217,0.959685534
202203,1234,0.249815238
202203,1314,0.930935413
202203,1316,1.574537311
202203,1325,1.434605533
202203,1336,1.585056871
202203,1339,1.072853725
202203,1417,0.256586524
202203,1598,1.347254259
202203,1603,1.465186585
202203,1605,2.043988494
202203,1608,1.717546308
202203,1806,0.837645203
202203,1907,1.229584438
202203,2107,0.649077743
202203,2204,0.825455198
202203,2331,1.291553277
202203,2347,0.423060976
202203,2352,0.792165642
202203,2354,0.981674806
202203,2355,1.17365052
202203,2359,1.315666875
202203,2367,1.366608211
202203,2371,0.558043953
202203,2374,1.566334226
202203,2387,1.188714726
202203,2392,1.086446176
202203,2425,1.092436816
202203,2474,0.550480977
202203,2485,1.435260128
202203,2488,0.447121927
202203,2489,1.510725751
202203,2501,0.666301445
202203,2538,0.490096415
202203,2611,1.932950251
202203,2641,1.851381527
202203,2736,1.615536702
202203,2867,0.929601828
202203,2888,0.740022085
202203,2903,0.509274677
202203,2905,0.826061213
202203,2913,0.2404452
202203,3013,1.037841789
202203,3022,1.572110695
202203,3047,2.143931183
202203,3050,0.714880683
202203,3056,0.9255252
202203,3227,1.299473082
202203,3231,0.473859445
202203,3272,1.041040294
202203,3296,1.549069453
202203,3297,0.88919436
202203,3323,1.377897893
202203,3346,1.735214596
202203,3376,0.990168884
202203,3390,1.85377988
202203,3432,1.737375554
202203,3498,1.077123107
202203,3501,0.737887915
202203,3679,0.7013187
202203,3694,1.432496563
202203,3704,1.083241734
202203,3706,0.757309222
202203,3708,1.027322266
202203,4432,2.202283276
202203,4438,0.861630658
202203,4543,2.075474476
202203,4746,1.380220882
202203,4960,1.002974019
202203,4973,1.026512938
202203,5011,1.5315842
202203,5315,0.863839066
202203,5426,1.950137649
202203,5464,1.102891117
202203,5469,1.153687946
202203,5519,0.640921205
202203,5603,1.718515376
202203,5905,0.718734355
202203,6109,1.478783382
202203,6114,1.841551731
202203,6117,1.507914924
202203,6140,1.541003697
202203,6152,1.779374775
202203,6153,1.160847738
202203,6156,1.424498508
202203,6167,1.488916854
202203,6220,1.576809819
202203,6265,1.746051312
202203,6269,0.893606507
202203,6578,0.867769806
202203,8089,0.463845913
202203,8105,1.380401376
202203,8110,1.571741541
202203,8234,1.389551805
202203,8249,0.79934761
202203,8450,1.544678832
202203,8942,0.70866501
202203,9904,1.198808529
202203,9924,0.557864492
202203,9934,0.696978589
202104,1104,0.391953466
202104,1109,0.540293087
202104,1432,1.24189444
202104,1437,0.847331262
202104,1444,1.042937628
202104,1460,0.809025235
202104,1467,-0.337268608
202104,1532,0.996354155
202104,1569,0.873383161
202104,1605,0.811005245
202104,1611,1.484132653
202104,1612,0.753894734
202104,1718,0.926767895
202104,1733,0.58345189
202104,1742,0.182410595
202104,1809,1.033477582
202104,1815,1.151530435
202104,2069,1.19497766
202104,2104,1.003321719
202104,2107,0.537083279
202104,2201,0.882950162
202104,2305,1.417978926
202104,2316,1.339019973
202104,2317,0.745887292
202104,2323,1.926894743
202104,2331,1.285105128
202104,2332,1.247990599
202104,2359,1.589358605
202104,2362,0.735846493
202104,2405,1.498624249
202104,2413,1.392540153
202104,2426,1.434536604
202104,2427,1.107130045
202104,2439,0.741062782
202104,2453,1.18351127
202104,2471,0.726595528
202104,2474,0.640332014
202104,2482,2.017622118
202104,2491,1.52490714
202104,2495,1.587989663
202104,2501,0.272816074
202104,2515,0.611749596
202104,2520,0.72308586
202104,2534,0.376528469
202104,2538,1.041816753
202104,2545,0.86026597
202104,2547,0.73337115
202104,2548,0.217352934
202104,2605,1.626051533
202104,2613,1.650036834
202104,2617,1.666165472
202104,2702,1.007614129
202104,2903,0.473476225
202104,3015,0.797477153
202104,3060,1.315518048
202104,3211,0.953140176
202104,3221,1.929797297
202104,3231,0.329430926
202104,3265,0.805934768
202104,3303,0.781960516
202104,3360,0.643823589
202104,3548,1.880597869
202104,3594,0.802506067
202104,3615,1.742055931
202104,3622,0.82400408
202104,3682,0.110970283
202104,3694,1.502164434
202104,3703,0.749391803
202104,3711,1.319904787
202104,3712,0.953484604
202104,4141,0.052507772
202104,4164,0.870792999
202104,4207,0.348391015
202104,4702,1.067367702
202104,4707,0.437923527
202104,4906,1.157779616
202104,4938,0.469848238
202104,5519,0.669365784
202104,5522,0.435815753
202104,5531,1.160186388
202104,5533,0.290683079
202104,5534,0.366124969
202104,5905,0.795414455
202104,6120,1.509510919
202104,6122,0.08908919
202104,6139,1.315229888
202104,6142,1.254081563
202104,6171,0.552954175
202104,6177,0.47132563
202104,6219,0.646126458
202104,6269,0.708346675
202104,6605,0.711380441
202104,8034,1.58738222
202104,8050,0.561341889
202104,8064,1.261760955
202104,8071,0.813636822
202104,8105,1.338009884
202104,8110,1.722213763
202104,8213,0.78454131
202104,8401,0.582233426
202201,1104,0.404041409
202201,1217,1.012410339
202201,1219,0.17920119
202201,1236,1.638390601
202201,1310,0.815556967
202201,1313,1.050593392
202201,1319,0.723547483
202201,1432,1.088018046
202201,1434,0.439016067
202201,1444,1.017643728
202201,1447,1.242153498
202201,1451,0.380081555
202201,1457,0.716998928
202201,1464,0.714931345
202201,1517,1.354929852
202201,1522,0.298081904
202201,1524,0.804457603
202201,1527,0.668352653
202201,1539,0.850625453
202201,1569,1.201203649
202201,1618,0.916029856
202201,1737,0.367766076
202201,1809,1.05997197
202201,1906,0.694911964
202201,2201,0.972761783
202201,2204,0.742728566
202201,2316,1.033976103
202201,2331,1.143099647
202201,2359,1.42955332
202201,2362,0.739074692
202201,2367,1.175958279
202201,2387,1.27658591
202201,2474,0.664745871
202201,2482,1.783903903
202201,2485,0.954171264
202201,2495,1.551571812
202201,2504,1.320059838
202201,2505,0.870019787
202201,2511,1.103788834
202201,2530,0.283944169
202201,2534,0.502152083
202201,2538,0.819153434
202201,2545,1.042008893
202201,2607,1.773816795
202201,2704,1.047880532
202201,2736,0.988582045
202201,2834,1.025602939
202201,2836,1.118117557
202201,2851,0.75986687
202201,2897,1.252071165
202201,2903,0.421138636
202201,2913,1.041042676
202201,2915,1.703843099
202201,3027,1.282919358
202201,3047,1.456981943
202201,3114,1.099818519
202201,3265,0.831263374
202201,3266,0.51792282
202201,3289,0.893703711
202201,3323,0.882467017
202201,3354,0.877803961
202201,3360,0.847285507
202201,3437,1.521226707
202201,3548,1.604449849
202201,3605,1.662935649
202201,3630,1.346705242
202201,3666,1.262549353
202201,3689,1.495977564
202201,3703,1.141806952
202201,4123,0.847043357
202201,4155,0.291961693
202201,4306,0.850534943
202201,4433,0.070426447
202201,4532,0.627877048
202201,4541,0.494622994
202201,4563,0.327091201
202201,4702,1.7933839
202201,4766,0.201424655
202201,4967,1.146674488
202201,5392,1.024942019
202201,5530,0.305173212
202201,5533,0.459455026
202201,5534,0.317817653
202201,6120,1.322147807
202201,6122,0.459000028
202201,6125,1.467001277
202201,6139,1.155347449
202201,6153,1.341359764
202201,6167,1.60154034
202201,6176,0.492120579
202201,6226,2.046654684
202201,6442,0.488906004
202201,6506,0.477025501
202201,6605,0.560788114
202201,8105,1.221525155
202201,8110,1.620736108
202201,8390,-0.070283377
202201,8450,2.156604142
202201,8930,0.47312685
202201,9904,1.109137826
202201,1104,0.422762047
202201,1217,0.98732364
202201,1219,0.309439839
202201,1236,1.253488931
202201,1310,0.88850185
202201,1313,0.934187808
202201,1319,0.882775734
202201,1339,0.479504242
202201,1402,0.610979769
202201,1432,1.461927783
202201,1434,0.469006378
202201,1444,0.932488874
202201,1447,1.209360547
202201,1451,0.422452351
202201,1457,0.582735758
202201,1464,0.715643533
202201,1503,0.763127501
202201,1522,0.200268167
202201,1524,0.968308771
202201,1527,0.553716317
202201,1539,0.883274451
202201,1540,0.035420267
202201,1569,1.112903031
202201,1734,0.369911242
202201,1737,0.376456801
202201,2027,0.919173649
202201,2201,0.888471044
202201,2204,0.623958144
202201,2206,0.685031097
202201,2312,1.385160708
202201,2331,1.078593705
202201,2359,1.197132131
202201,2362,0.616370022
202201,2367,1.04630865
202201,2387,1.211374973
202201,2444,0.813455618
202201,2474,0.579311411
202201,2482,1.87565349
202201,2504,1.201021217
202201,2511,1.022035352
202201,2534,0.426221489
202201,2538,0.653535562
202201,2545,1.075454837
202201,2601,1.478388125
202201,2607,1.56244772
202201,2641,1.263194369
202201,2736,1.561934995
202201,2834,0.964453235
202201,2836,1.077762978
202201,2851,0.716007487
202201,2897,1.277595682
202201,2903,0.451665194
202201,2913,1.052778294
202201,2915,1.707813432
202201,3013,0.769962193
202201,3027,1.184208405
202201,3047,1.334567611
202201,3114,1.165466843
202201,3265,0.830230519
202201,3354,1.154531972
202201,3360,0.869635647
202201,3437,1.451248008
202201,3520,1.287374352
202201,3548,1.252913231
202201,3605,1.478796993
202201,3617,0.686192381
202201,3666,1.351414421
202201,3703,1.074202371
202201,4123,0.79037996
202201,4155,0.307634083
202201,4306,0.894936367
202201,4433,0.387563028
202201,4529,1.638647928
202201,4543,0.992782777
202201,4563,0.295571315
202201,4566,0.521228731
202201,4702,1.687670885
202201,4766,0.215536505
202201,4967,0.950258935
202201,5530,0.389674821
202201,5533,0.468027696
202201,5534,0.3805622
202201,6120,1.393332221
202201,6133,0.902401172
202201,6139,1.022631662
202201,6167,1.536247547
202201,6176,0.425160788
202201,6226,1.924408587
202201,6462,1.182205206
202201,6506,0.478114576
202201,6605,0.504751179
202201,6609,0.616057821
202201,8096,0.772793934
202201,8105,1.232933221
202201,8110,1.471413516
202201,8403,0.302602368
202201,8421,0.87108902
202201,8450,1.946992186
202201,8930,0.565241943
202201,9904,1.178502718
202202,1319,0.881447205
202202,1336,0.39405103
202202,1339,1.274132783
202202,1402,0.387892191
202202,1413,0.658145837
202202,1434,0.437550538
202202,1447,1.07791587
202202,1451,0.746095032
202202,1467,0.211545261
202202,1473,0.633927217
202202,1539,1.821888213
202202,1587,0.773766582
202202,1701,0.710299654
202202,1721,1.983554794
202202,1904,0.59378223
202202,1905,1.465109942
202202,1906,0.654844269
202202,2027,1.582924159
202202,2062,0.675476996
202202,2069,1.848826318
202202,2211,0.485181947
202202,2230,0.729126977
202202,2331,1.156919837
202202,2349,1.260798155
202202,2354,1.146631062
202202,2359,1.304227393
202202,2363,1.589069269
202202,2367,1.733682788
202202,2392,0.791620511
202202,2417,2.064580023
202202,2451,0.619347249
202202,2468,0.560524741
202202,2474,0.482049526
202202,2483,1.194574631
202202,2485,1.220892935
202202,2488,0.463890853
202202,2489,1.408305967
202202,2511,0.726716623
202202,2538,0.496221415
202202,2548,0.372384789
202202,2607,1.496531285
202202,2612,1.523637395
202202,2617,1.570305051
202202,2809,0.456012069
202202,2913,0.703075734
202202,3013,1.384941095
202202,3047,1.340068796
202202,3051,2.129672688
202202,3056,0.833215879
202202,3058,1.251920124
202202,3114,1.131327417
202202,3231,0.598312335
202202,3265,1.40772369
202202,3296,2.047705328
202202,3306,1.101961404
202202,3376,0.771241896
202202,3419,1.941543379
202202,3432,0.561981036
202202,3531,0.651831115
202202,3617,0.573547878
202202,3625,1.120594203
202202,3693,0.883001152
202202,4102,1.20914276
202202,4106,1.395039486
202202,4121,1.533068475
202202,4306,0.715838933
202202,4432,1.158429076
202202,4532,0.814740967
202202,4543,1.065223422
202202,4707,0.364711856
202202,4746,1.033366687
202202,4942,0.797484817
202202,4960,1.482395784
202202,4967,1.461122844
202202,5009,1.401061832
202202,5211,0.571035329
202202,5251,0.970588724
202202,5371,1.546810395
202202,5426,0.987098365
202202,5464,1.711656922
202202,5519,0.365711875
202202,5530,0.720380518
202202,6109,0.094680985
202202,6114,0.779094315
202202,6139,1.054461303
202202,6156,1.34878079
202202,6164,1.406706098
202202,6167,1.283061102
202202,6220,0.478735002
202202,6226,0.850696669
202202,6512,0.09935844
202202,6603,0.785041694
202202,8032,0.601277584
202202,8044,1.081975124
202202,8103,1.396612158
202202,8107,1.137069988
202202,8131,0.509713245
202202,8916,0.468588146
202202,8936,1.121573043
202202,9904,0.705297012
202202,1319,0.930680807
202202,1339,1.270059652
202202,1413,0.695987368
202202,1434,0.438364338
202202,1447,1.17049114
202202,1449,1.225518045
202202,1451,0.812632623
202202,1467,0.213051937
202202,1473,0.619303859
202202,1721,2.022268065
202202,1904,0.627438857
202202,1906,0.570722067
202202,2027,1.591088901
202202,2062,0.704480706
202202,2069,1.901013679
202202,2211,0.480915961
202202,2331,1.16884651
202202,2349,1.321099318
202202,2359,1.381011277
202202,2363,1.704198883
202202,2367,1.770353156
202202,2392,0.857846339
202202,2417,2.089302012
202202,2442,1.11887956
202202,2451,0.636065308
202202,2474,0.578502254
202202,2483,1.04667298
202202,2485,1.379669667
202202,2488,0.573664419
202202,2489,1.472950869
202202,2506,0.405142091
202202,2511,0.706556456
202202,2538,0.553887785
202202,2543,1.069788694
202202,2548,0.421317484
202202,2607,1.528684873
202202,2612,1.658021395
202202,2616,0.316858448
202202,2617,1.75062607
202202,2809,0.489081095
202202,2845,0.473538861
202202,2913,0.732402927
202202,3013,1.4686411
202202,3051,2.445196935
202202,3056,0.843769794
202202,3114,1.066465991
202202,3231,0.672285251
202202,3265,1.44181663
202202,3284,0.368228791
202202,3296,1.886363029
202202,3306,1.196875451
202202,3432,0.977202193
202202,3531,0.723052198
202202,3607,1.21186184
202202,3652,0.551351645
202202,3693,0.880873369
202202,4121,1.434138571
202202,4155,0.51259673
202202,4306,0.681012874
202202,4432,1.584040487
202202,4529,1.63585273
202202,4532,0.783586811
202202,4543,1.164388952
202202,4707,0.398884711
202202,4746,0.974104256
202202,4942,0.829735112
202202,4960,1.64072509
202202,4967,1.532365052
202202,5009,1.518523924
202202,5211,0.610296036
202202,5251,0.71164925
202202,5371,1.732913073
202202,5426,1.18761275
202202,5464,1.816949653
202202,5488,0.577138293
202202,5519,0.319536781
202202,5530,0.642325788
202202,6109,0.179706646
202202,6114,0.929962861
202202,6117,0.379333956
202202,6139,1.095571234
202202,6156,1.375147775
202202,6164,1.443473093
202202,6167,1.439765591
202202,6220,0.462015994
202202,6226,1.034010929
202202,6240,0.833264126
202202,6248,0.445390991
202202,6418,1.29694264
202202,6512,0.396909576
202202,6603,0.785504727
202202,8032,0.762669805
202202,8044,1.036828963
202202,8072,0.593321904
202202,8103,1.480437349
202202,8107,1.17255503
202202,8916,0.541592425
202202,8936,1.074933567
202202,9904,0.648701828
202202,9962,1.734069711
202303,1104,0.437102688
202303,1304,0.778121093
202303,1307,0.93745435
202303,1310,0.402875027
202303,1313,0.904094156
202303,1326,0.703209995
202303,1339,1.152994488
202303,1437,0.395453678
202303,1444,0.315652078
202303,1449,1.984086204
202303,1467,0.262084044
202303,1472,0.639095415
202303,1473,0.144371056
202303,1532,0.631943074
202303,1603,1.040130288
202303,1708,0.839172411
202303,1718,0.379720343
202303,1802,1.235682162
202303,1907,0.79925383
202303,1909,0.591722284
202303,2029,0.769842685
202303,2106,0.578580604
202303,2316,1.401097039
202303,2355,1.441672656
202303,2357,1.618318395
202303,2374,0.223619159
202303,2387,0.673965417
202303,2390,1.179269655
202303,2392,0.847020506
202303,2406,0.422811876
202303,2409,1.125627667
202303,2474,0.47173369
202303,2488,0.809205756
202303,2495,1.27215556
202303,2516,-0.076099971
202303,2542,-0.123344157
202303,2603,0.690315487
202303,2611,0.427519245
202303,2615,0.769919816
202303,2617,0.456289571
202303,2636,0.14608404
202303,2809,0.198943718
202303,2816,0.943108893
202303,2832,0.422127345
202303,2850,0.387079497
202303,2852,0.571078388
202303,2867,0.131836203
202303,2905,0.162103596
202303,2913,0.942437865
202303,2915,0.754466998
202303,3015,0.412464602
202303,3060,1.18516944
202303,3268,0.348608328
202303,3294,0.25867273
202303,3296,0.436078235
202303,3312,0.122489115
202303,3390,0.748148416
202303,3437,0.796964242
202303,3481,1.175842457
202303,3531,-0.118948708
202303,3535,1.027477022
202303,3605,0.810793074
202303,3622,1.023857918
202303,3645,1.743843084
202303,3666,1.458292546
202303,3691,1.074365781
202303,3708,0.963500953
202303,3712,0.878039738
202303,4438,0.794271397
202303,4510,0.779546411
202303,4550,0.437553892
202303,4561,0.829029907
202303,4744,0.393846667
202303,4909,1.748401392
202303,4933,0.663498224
202303,4960,0.498287266
202303,4973,1.138388036
202303,5213,0.424636085
202303,5230,0.036326881
202303,5469,0.902621241
202303,5512,0.182112727
202303,5905,0.146870555
202303,6114,0.945488492
202303,6163,0.872719836
202303,6177,0.274995177
202303,6194,1.517441436
202303,6220,0.69841141
202303,6432,1.090815943
202303,6558,1.47647426
202303,6684,1.900045953
202303,8039,0.612443482
202303,8043,0.586269262
202303,8103,0.576482894
202303,8105,0.978591564
202303,8163,0.537405704
202303,8942,0.391121015
202303,9904,0.616780364
202303,9919,-0.226580335
202303,9924,0.580233871
202303,9945,1.050914059
202303,1104,0.574816287
202303,1307,1.023718944
202303,1313,0.902932167
202303,1326,0.840872244
202303,1339,1.276728167
202303,1444,0.429001053
202303,1447,0.207053499
202303,1449,1.761876507
202303,1451,0.210393599
202303,1467,0.239178879
202303,1532,0.612205666
202303,1603,1.132410669
202303,1708,0.990542679
202303,1718,0.454473073
202303,1802,1.210956703
202303,1907,0.74326424
202303,1909,0.644106539
202303,2316,1.416366814
202303,2357,1.459707333
202303,2374,0.369946407
202303,2387,0.819119494
202303,2390,0.830760403
202303,2392,0.801052624
202303,2409,1.185460152
202303,2444,0.711178623
202303,2474,0.449737486
202303,2488,0.736589728
202303,2516,1.252524623
202303,2527,0.48283452
202303,2542,-0.129321098
202303,2603,0.671771179
202303,2611,0.709708938
202303,2614,0.496160801
202303,2615,1.058900318
202303,2617,0.801344001
202303,2636,0.346532534
202303,2701,0.529982824
202303,2809,0.233584161
202303,2816,0.670344115
202303,2850,0.361688502
202303,2852,0.612157478
202303,2867,0.236868638
202303,2881,0.687026888
202303,2882,0.682945246
202303,2883,0.744280099
202303,2888,0.743877831
202303,2905,0.399286086
202303,2913,0.931573035
202303,2915,0.744295644
202303,3015,0.530523907
202303,3060,1.191391064
202303,3266,0.423345999
202303,3294,0.23005968
202303,3296,0.552610671
202303,3312,0.24161102
202303,3390,0.900269865
202303,3481,1.276028047
202303,3512,0.092446588
202303,3531,-0.143915724
202303,3535,0.984534806
202303,3605,0.768738825
202303,3622,1.047987694
202303,3691,1.03742692
202303,3708,1.061611417
202303,3712,0.924662367
202303,4438,0.682527996
202303,4510,0.851038482
202303,4561,0.939865698
202303,4720,0.545144059
202303,4744,0.296189162
202303,4909,2.096815662
202303,4930,0.136577531
202303,4933,0.583601345
202303,4960,0.646679265
202303,4973,1.403835994
202303,5213,0.535891832
202303,5230,0.057662146
202303,5464,0.610282386
202303,5469,0.956369817
202303,5512,0.299659166
202303,5905,0.311380832
202303,6108,1.470801671
202303,6114,1.174975912
202303,6163,1.152888474
202303,6179,-0.124745954
202303,6194,1.459096958
202303,6220,0.675826685
202303,6290,1.218618609
202303,6432,1.14006644
202303,8039,0.592333815
202303,8043,0.663257048
202303,8096,0.541302066
202303,8103,0.598223986
202303,8163,0.655500735
202303,8410,1.414385395
202303,9904,0.584917703
202303,9919,0.29311482
202303,9924,0.571716788
202303,9935,0.114650913
202303,9945,1.222967748
202204,1101,0.9021298
202204,1103,0.974697985
202204,1104,0.606568081
202204,1108,1.552964606
202204,1218,-0.101666342
202204,1234,0.22838403
202204,1258,-0.080866665
202204,1312,0.417278821
202204,1313,0.839736268
202204,1437,0.972103091
202204,1460,0.35111652
202204,1603,0.597726332
202204,1608,0.636894255
202204,1612,1.439833957
202204,1618,0.417252472
202204,1710,0.653612223
202204,1714,0.539785705
202204,1718,0.616689675
202204,1737,0.14340347
202204,2022,0.38995942
202204,2317,0.427354357
202204,2323,1.410173858
202204,2332,0.818065175
202204,2354,1.520127807
202204,2355,0.578847828
202204,2362,0.390257189
202204,2390,1.213399416
202204,2392,1.075769348
202204,2402,0.728860968
202204,2442,0.467918578
202204,2485,0.704579988
202204,2489,0.839625288
202204,2501,0.473621656
202204,2511,0.353829642
202204,2515,0.278967377
202204,2520,0.461953245
202204,2524,0.540387617
202204,2534,0.40137999
202204,2535,0.114442391
202204,2542,0.104730495
202204,2547,0.473860504
202204,2605,0.391390087
202204,2611,1.090903656
202204,2612,0.880951595
202204,2616,0.2680063
202204,2641,0.314232446
202204,2701,0.44085739
202204,2702,0.911807927
202204,2704,0.644399182
202204,2705,0.473459543
202204,2736,1.423391667
202204,2809,0.746013264
202204,2812,0.450415498
202204,2834,0.969621609
202204,2838,0.456936011
202204,2845,0.574474175
202204,2851,0.573355899
202204,2887,1.325822864
202204,2897,0.479895633
202204,2903,0.172305424
202204,3015,0.393626775
202204,3050,0.091648028
202204,3055,0.856699255
202204,3056,-0.192628016
202204,3059,1.728135778
202204,3213,0.260660675
202204,3231,0.922126769
202204,3272,0.586838933
202204,3294,0.864485672
202204,3498,1.075719257
202204,3518,1.678267947
202204,3607,0.270956515
202204,3628,1.306988825
202204,4111,0.397113169
202204,4306,0.437125688
202204,4417,-0.018671801
202204,4707,0.334653895
202204,4746,0.928399313
202204,4906,0.351770008
202204,4938,0.393888214
202204,5498,0.433407515
202204,5512,1.008348881
202204,5516,0.7741821
202204,5521,0.494743426
202204,5522,0.214948811
202204,5530,0.169271714
202204,5534,0.178316809
202204,5905,0.08656516
202204,6120,0.397114474
202204,6139,1.190374003
202204,6142,1.013347844
202204,6163,0.496090367
202204,6164,0.799574138
202204,6185,0.448840974
202204,6194,0.39858781
202204,6578,0.06086594
202204,8213,0.572015376
202204,8401,0.547590875
202204,9902,0.705430445
202204,9934,0.628341148
202301,1103,1.441704316
202301,1109,0.387508036
202301,1217,0.852454391
202301,1305,1.152415628
202301,1307,0.602548465
202301,1310,0.966699938
202301,1312,1.044817094
202301,1313,1.245902676
202301,1321,0.658659659
202301,1402,0.528371399
202301,1423,0.171818091
202301,1437,1.606513895
202301,1447,0.93968178
202301,1455,0.704127535
202301,1471,1.698576294
202301,1473,0.619575929
202301,1504,2.161606401
202301,1525,0.747184092
202301,1608,1.722092587
202301,1612,1.913095406
202301,1616,1.113510207
202301,1618,1.845970766
202301,1710,1.144749904
202301,1714,0.641626801
202301,1718,0.8121245
202301,1737,0.361584778
202301,1742,0.361665585
202301,1806,0.359488785
202301,1815,1.133649552
202301,2007,1.524054116
202301,2010,0.784646766
202301,2023,1.213534649
202301,2029,1.080160806
202301,2031,0.200207099
202301,2038,1.469010765
202301,2104,0.934056655
202301,2204,1.276007735
202301,2312,0.914362252
202301,2323,0.833168192
202301,2354,1.019844057
202301,2362,0.095665509
202301,2390,1.544686758
202301,2393,0.677639031
202301,2399,2.173019831
202301,2427,1.939438167
202301,2489,1.110105847
202301,2492,2.566734006
202301,2515,1.072942117
202301,2538,0.993987168
202301,2548,0.017273519
202301,2601,0.922348495
202301,2605,0.961279519
202301,2611,1.579482294
202301,2612,1.069486595
202301,2705,0.763158828
202301,2736,1.688942605
202301,2809,0.582326114
202301,2820,0.406262341
202301,2832,0.38362912
202301,2834,0.997026472
202301,2838,0.675488142
202301,2851,0.947806061
202301,2867,0.571889219
202301,2903,0.373861143
202301,2913,0.899319045
202301,3052,0.350229561
202301,3287,0.803022558
202301,3306,1.653953153
202301,3481,1.194904197
202301,3689,1.486184819
202301,4113,0.900252999
202301,4123,0.958696844
202301,4173,1.32431967
202301,4207,0.683427624
202301,4533,1.038110469
202301,4543,2.187382224
202301,4711,0.332393333
202301,4714,0.561717559
202301,4716,0.403286925
202301,4909,1.643603598
202301,4939,0.639096762
202301,4942,0.475547665
202301,5206,0.628095131
202301,5356,0.160124931
202301,5498,0.877483157
202301,5511,0.201305564
202301,5512,1.481531482
202301,5530,0.154920565
202301,5531,1.031552159
202301,5533,0.535994352
202301,5905,0.820237485
202301,6173,2.277933618
202301,6194,0.752808284
202301,8011,0.763742601
202301,8059,0.422521821
202301,8110,1.829686607
202301,8410,0.377137412
202301,8905,0.248019096
202301,9902,0.719720477
202301,9934,0.809812298
202301,1103,1.097172188
202301,1217,0.819880097
202301,1305,1.257848613
202301,1307,0.721017172
202301,1310,0.934378153
202301,1312,1.065484914
202301,1313,1.274693581
202301,1325,0.554729243
202301,1402,0.459727714
202301,1423,0.196655572
202301,1437,1.56945101
202301,1447,0.749995963
202301,1455,0.734772372
202301,1471,1.666334761
202301,1473,0.634345272
202301,1608,1.451250658
202301,1612,1.721223582
202301,1616,1.146550755
202301,1618,1.713879515
202301,1710,1.080033802
202301,1714,0.603186562
202301,1718,0.782750348
202301,1737,0.305200322
202301,1742,0.094918884
202301,1815,1.149722582
202301,2010,0.735683429
202301,2022,0.91989407
202301,2023,1.136361764
202301,2029,0.89338032
202301,2031,0.167654985
202301,2038,1.320049709
202301,2104,0.852043305
202301,2323,0.827398512
202301,2354,1.000243062
202301,2362,0.205506274
202301,2365,0.885380308
202301,2393,1.007028451
202301,2489,1.308783399
202301,2491,0.542352492
202301,2505,0.667707144
202301,2515,0.981896435
202301,2536,0.349578433
202301,2538,0.98418825
202301,2548,0.045524032
202301,2601,0.919833797
202301,2605,0.747767021
202301,2611,1.111915004
202301,2612,0.792806897
202301,2705,0.887499735
202301,2801,0.351506419
202301,2809,0.643883729
202301,2820,0.378760471
202301,2832,0.404422028
202301,2834,1.054667426
202301,2836,0.50399963
202301,2838,0.778817683
202301,2851,0.95581246
202301,2867,0.673804567
202301,2881,0.916994989
202301,2882,0.831529964
202301,2883,0.949691707
202301,2889,1.276499457
202301,2891,0.857567548
202301,2903,0.383505951
202301,2913,0.924245004
202301,3052,0.217372812
202301,3252,1.434314429
202301,3287,0.683536353
202301,3481,1.295562684
202301,3607,0.868777827
202301,3615,1.261829771
202301,3666,1.044392565
202301,4120,0.540720832
202301,4123,0.852635209
202301,4173,1.308095718
202301,4207,0.620270603
202301,4303,0.746742889
202301,4533,1.139836409
202301,4711,0.232020601
202301,4714,0.335757018
202301,4909,1.60476453
202301,4939,0.489765404
202301,5206,0.529270255
202301,5356,0.077986277
202301,5498,1.182875568
202301,5511,0.590026968
202301,5512,1.153226386
202301,5530,0.07769718
202301,5531,0.875947853
202301,5533,0.500577316
202301,5905,0.959831445
202301,6173,2.066303042
202301,6194,0.658967977
202301,6405,1.235091772
202301,8011,0.714685142
202301,8110,1.804876413
202301,8410,0.277101538
202301,8905,0.410113526
202301,9934,0.780354078
202301,9944,0.148753006
202302,1102,-0.072211695
202302,1339,0.288356901
202302,1402,0.388954656
202302,1472,0.134462112
202302,1532,0.382660509
202302,1540,0.043452988
202302,1569,0.435364381
202302,1616,0.147284916
202302,1714,0.049740541
202302,1718,0.474472453
202302,1722,0.67521519
202302,1742,-0.345143327
202302,1802,0.851927562
202302,1806,0.597280224
202302,1909,0.608604638
202302,2029,0.3078612
202302,2031,0.476953302
202302,2034,0.228864343
202302,2106,0.443488234
202302,2107,0.511020839
202302,2201,1.065055679
202302,2204,0.992558807
202302,2211,0.021771017
202302,2323,1.74324242
202302,2331,0.944305084
202302,2332,1.253601554
202302,2354,0.985955157
202302,2359,1.550413811
202302,2363,-0.303012701
202302,2367,0.717956673
202302,2375,1.259991444
202302,2387,0.741238429
202302,2390,0.721092602
202302,2392,0.376203071
202302,2409,1.369119142
202302,2442,0.913592067
202302,2474,0.479281303
202302,2485,0.900397741
202302,2492,1.076701243
202302,2516,-0.925005437
202302,2607,0.849913791
202302,2608,0.228272392
202302,2611,0.377437367
202302,2636,0.414279812
202302,2809,0.28593523
202302,2867,0.504601527
202302,2905,0.494257619
202302,2913,0.446856966
202302,3010,0.411030509
202302,3232,0.210025239
202302,3252,0.434367515
202302,3306,3.472946412
202302,3339,0.749187137
202302,3432,0.700686186
202302,3438,1.066432058
202302,3481,1.857381429
202302,3531,0.440230187
202302,3545,1.1300192
202302,3548,0.552150311
202302,3605,0.750988859
202302,3669,0.718155553
202302,3679,0.694108397
202302,3703,0.546779881
202302,3708,0.208822129
202302,3715,1.630103589
202302,4306,0.164129186
202302,4510,0.85871772
202302,4532,0.226055815
202302,4533,0.294257855
202302,4744,1.284943612
202302,4906,0.890435926
202302,4909,0.680226603
202302,4933,0.383241421
202302,4942,0.532606865
202302,5392,0.803530636
202302,5488,1.203453882
202302,5512,0.532490136
202302,5515,0.28262193
202302,5530,0.073886014
202302,5533,0.135364472
202302,6113,1.074774904
202302,6116,1.712325796
202302,6120,0.903059502
202302,6173,1.006989725
202302,6179,0.51736318
202302,6194,1.15590407
202302,6198,0.015604645
202302,6234,1.245182283
202302,6284,0.984085346
202302,6418,-0.71081514
202302,8011,1.227432309
202302,8054,1.013754184
202302,8150,0.270477349
202302,8390,-0.870134989
202302,8410,1.412958356
202302,8942,0.347522729
202302,9904,0.437601937
202302,9927,-0.204131841
202302,9934,0.167720672
202302,9945,0.663735576
202302,1102,-0.01704098
202302,1109,0.132796989
202302,1326,0.468450968
202302,1339,0.255251141
202302,1402,0.348853902
202302,1472,0.547560532
202302,1532,0.421429119
202302,1540,0.09648454
202302,1569,0.429132587
202302,1616,0.053173567
202302,1714,0.042418702
202302,1718,0.375283912
202302,1722,0.666652315
202302,1742,-0.254472855
202302,1802,0.925248491
202302,1806,0.469755744
202302,1909,0.562175689
202302,2031,0.412465954
202302,2034,0.196024895
202302,2106,0.415000074
202302,2107,0.433109614
202302,2204,0.962480331
202302,2211,0.043173533
202302,2323,1.619436603
202302,2354,0.976690972
202302,2359,1.309452808
202302,2363,0.182659119
202302,2367,0.683758088
202302,2375,1.005337173
202302,2387,0.655552882
202302,2390,0.804211836
202302,2392,0.37280354
202302,2409,1.326759011
202302,2442,0.678132209
202302,2474,0.374896402
202302,2492,0.906584491
202302,2516,-1.509769758
202302,2543,0.595027523
202302,2607,0.670769369
202302,2608,0.178153204
202302,2611,0.207310359
202302,2636,0.265519601
202302,2809,0.251235858
202302,2816,0.671812241
202302,2832,0.198419585
202302,2850,0.338235875
202302,2851,0.882527354
202302,2867,0.40145923
202302,2881,0.814328182
202302,2882,0.715859716
202302,2883,0.5191977
202302,2885,0.590329409
202302,2888,0.577038877
202302,2891,0.598314235
202302,2905,0.312384257
202302,2913,0.443248217
202302,3232,0.317382092
202302,3252,0.487792522
202302,3306,2.855157325
202302,3339,0.719524974
202302,3481,1.604481538
202302,3531,0.565996504
202302,3545,1.07402836
202302,3669,0.638255097
202302,3679,0.687348695
202302,3703,0.546691278
202302,3708,0.241098576
202302,4510,0.793904572
202302,4532,0.201680705
202302,4533,0.560486667
202302,4744,1.447423063
202302,4909,0.604521701
202302,4933,0.724665286
202302,4942,0.518145525
202302,5392,0.744119634
202302,5464,1.045338215
202302,5488,1.053506507
202302,5512,0.438675671
202302,5515,0.239424775
202302,5521,0.006484018
202302,5530,0.063957172
202302,6108,0.024185114
202302,6114,0.066227908
202302,6116,1.626891427
202302,6120,1.125597888
202302,6158,0.178493812
202302,6179,0.473091449
202302,6194,1.160431299
202302,6198,-0.214672423
202302,6234,1.126739063
202302,6284,0.94379807
202302,8054,0.838462733
202302,8150,0.199708238
202302,8240,0.484094603
202302,8390,-0.675042226
202302,8410,1.293618542
202302,8942,0.340078401
202302,9904,0.496539815
202302,9934,0.105500927
202302,9945,0.495727852
202403,1101,0.277835886
202403,1104,0.471983415
202403,1217,0.486960501
202403,1218,0.516142908
202403,1312,0.842009939
202403,1409,0.726818365
202403,1416,0.742740791
202403,1434,0.746923707
202403,1471,0.781692094
202403,1530,1.17944127
202403,1570,0.841662284
202403,1603,0.957766174
202403,1710,0.180915438
202403,1718,0.347260831
202403,1722,0.604176962
202403,1725,1.323537472
202403,1806,0.841621248
202403,1810,0.470937808
202403,1907,1.038731423
202403,2009,1.243817443
202403,2010,0.665917817
202403,2030,0.79468777
202403,2034,0.579776581
202403,2069,0.637723777
202403,2102,0.180544605
202403,2104,0.625668336
202403,2107,0.310826997
202403,2332,0.854166172
202403,2337,0.939286935
202403,2371,1.029622462
202403,2375,1.172090043
202403,2387,0.540945779
202403,2392,1.868910948
202403,2409,1.109093618
202403,2477,0.995085997
202403,2506,0.602287152
202403,2515,0.858018963
202403,2516,0.644301073
202403,2527,0.869308061
202403,2601,0.359754032
202403,2603,1.007110002
202403,2606,0.535749507
202403,2607,0.69333774
202403,2609,1.08993746
202403,2614,0.690686992
202403,2615,1.391106594
202403,2617,0.780801515
202403,2641,0.632453761
202403,2718,0.589929861
202403,2820,0.156373571
202403,2838,0.582670546
202403,2915,0.505867564
202403,3015,1.192355977
202403,3026,0.445246291
202403,3308,0.579148699
202403,3323,0.672774341
202403,3481,1.35704667
202403,3498,0.975138516
202403,3576,0.942239018
202403,3605,1.650592004
202403,3622,1.250773797
202403,3628,0.35694559
202403,3703,1.014747199
202403,3709,0.962388242
202403,3714,1.091649642
202403,4142,0.659795059
202403,4430,0.529512974
202403,4438,0.390639502
202403,4540,1.624246988
202403,4541,0.840074187
202403,4564,1.035336105
202403,4577,0.032365561
202403,4916,1.087635323
202403,5438,0.645283203
202403,5469,0.757412992
202403,5511,0.451573326
202403,5521,0.511910731
202403,5531,0.548817604
202403,5533,0.438442037
202403,5608,0.811961188
202403,5876,0.761837853
202403,5905,-0.066103729
202403,6108,1.019094371
202403,6136,0.09954075
202403,6158,0.307643894
202403,6175,0.583187079
202403,6191,0.945432343
202403,6220,0.653968454
202403,6270,1.225279022
202403,6477,1.172244648
202403,6582,1.403928774
202403,8021,1.608477229
202403,8240,1.054178776
202403,8249,1.258605868
202403,8415,0.424672272
202403,8421,0.748764488
202403,8432,0.558235171
202403,8929,-0.33590815
202403,9904,0.583530016
202403,9907,0.335170509
202403,1101,0.292376338
202403,1104,0.444795975
202403,1217,0.412395705
202403,1218,0.532895234
202403,1312,0.703061651
202403,1409,0.618275518
202403,1416,0.690458305
202403,1434,0.700021939
202403,1451,0.394373747
202403,1471,0.482740456
202403,1570,0.844767859
202403,1603,0.903438087
202403,1710,0.135373742
202403,1718,0.381325917
202403,1722,0.442458121
202403,1725,1.170733988
202403,1806,0.867620816
202403,1810,0.461552244
202403,1907,0.924608173
202403,2009,1.175202396
202403,2010,0.531204685
202403,2030,0.729437581
202403,2034,0.573405725
202403,2069,0.721197363
202403,2102,0.245120511
202403,2104,0.562014633
202403,2107,0.316081613
202403,2332,0.79480792
202403,2337,0.774746086
202403,2371,1.022015326
202403,2375,1.31881644
202403,2387,0.572333103
202403,2409,1.077648596
202403,2477,0.833941894
202403,2506,0.596477703
202403,2515,0.82377203
202403,2516,0.770064559
202403,2527,0.830516906
202403,2601,0.391807379
202403,2603,1.127368333
202403,2606,0.474538335
202403,2607,0.71463713
202403,2609,1.114918781
202403,2614,0.690594276
202403,2615,1.319909187
202403,2617,0.753523661
202403,2641,0.615971797
202403,2718,0.595866306
202403,2820,0.142000517
202403,2838,0.525294889
202403,2881,0.773714839
202403,2882,0.913932298
202403,2883,0.706463885
202403,2887,0.534882509
202403,2915,0.502102977
202403,3006,1.40993257
202403,3015,1.003680519
202403,3026,0.404099264
202403,3308,0.730718638
202403,3323,0.985230234
202403,3481,1.108495289
202403,3498,1.092045588
202403,3605,1.685936065
202403,3622,1.113014156
202403,3689,1.864111945
202403,3703,0.880503069
202403,3709,0.8057409
202403,3714,0.99845449
202403,4142,0.618823332
202403,4430,0.56441256
202403,4438,0.331866076
202403,4540,1.44877586
202403,4541,0.843675311
202403,4564,0.967219245
202403,4577,-0.227001102
202403,4720,1.149596522
202403,4916,0.819231064
202403,5438,0.887855236
202403,5469,0.760297962
202403,5481,1.046236213
202403,5511,0.433569687
202403,5521,0.465178232
202403,5531,0.512752435
202403,5608,0.800962993
202403,5876,0.392116885
202403,5905,-0.047607697
202403,6108,1.035504412
202403,6158,0.264121549
202403,6191,0.875187361
202403,6220,0.572856571
202403,6477,1.200520906
202403,6582,1.347547888
202403,8021,1.610873582
202403,8240,0.824592089
202403,8249,1.279432228
202403,8415,0.320406807
202403,8421,0.76344788
202403,8432,0.473806237
202403,9904,0.651843902
202403,9907,0.409033954
202304,1109,0.378717011
202304,1218,0.420482081
202304,1220,0.583499548
202304,1314,0.946129895
202304,1402,0.724150941
202304,1418,-0.363769434
202304,1440,1.040250779
202304,1445,1.90007398
202304,1453,1.209464237
202304,1455,0.806522734
202304,1457,0.360657707
202304,1466,1.11409864
202304,1467,0.259082796
202304,1598,0.9853291
202304,1618,2.016473026
202304,1701,0.71448415
202304,1702,0.478213368
202304,1708,1.051149815
202304,1802,1.264167691
202304,1806,1.773931618
202304,1810,1.488003368
202304,1904,0.442795872
202304,1907,1.000341335
202304,1909,0.713841948
202304,2002,0.58522651
202304,2010,0.649373065
202304,2022,1.126403844
202304,2029,0.536501647
202304,2062,1.427515529
202304,2070,-0.289697838
202304,2103,0.725648004
202304,2104,0.387999991
202304,2316,1.126497517
202304,2317,1.469122162
202304,2323,1.633492388
202304,2362,1.371358163
202304,2392,0.93862466
202304,2409,0.651389682
202304,2430,0.112353736
202304,2442,1.255818988
202304,2501,0.992482048
202304,2505,1.173022738
202304,2506,1.150252106
202304,2511,0.436117927
202304,2514,0.672874177
202304,2515,1.573299919
202304,2520,0.945275979
202304,2524,0.706363843
202304,2534,0.605704588
202304,2536,0.843545305
202304,2537,1.079571733
202304,2545,0.681117439
202304,2547,0.969348854
202304,2611,0.113746958
202304,2641,1.572743804
202304,2643,0.600851111
202304,2705,0.674223035
202304,3031,0.46314608
202304,3048,0.711175614
202304,3052,0.993105408
202304,3189,0.649943769
202304,3266,1.086107488
202304,3481,0.546399689
202304,3484,0.955824694
202304,3490,0.733193256
202304,3512,0.765010178
202304,3607,1.754677044
202304,3628,-0.174949034
202304,3712,2.064718551
202304,4173,0.743736509
202304,4420,0.588916949
202304,4526,1.821984841
202304,4744,1.122355695
202304,4973,1.587977761
202304,5011,0.461486031
202304,5202,1.654161066
202304,5356,1.092411521
202304,5512,1.182243212
202304,5519,1.994063999
202304,5522,0.022280976
202304,5534,0.525388453
202304,5608,1.304072339
202304,6120,0.90958746
202304,6153,1.373060985
202304,6163,1.074801438
202304,6171,0.231277542
202304,6248,0.639522919
202304,6265,1.36740327
202304,6271,1.146594819
202304,6603,0.460697956
202304,6609,0.450594753
202304,8021,0.058549012
202304,8047,0.448307927
202304,8182,1.063946629
202304,8213,0.947099059
202304,8401,0.861724889
202304,8403,0.345856435
202304,8473,2.07273282
202304,9934,1.251749293
202304,9946,0.849589013
202401,1217,0.33527585
202401,1218,0.453776838
202401,1307,0.500483162
202401,1310,0.500346191
202401,1314,0.9299117
202401,1409,0.717360381
202401,1413,0.546660353
202401,1444,0.44005696
202401,1447,0.419601342
202401,1449,0.864942768
202401,1455,0.644030778
202401,1460,0.359737541
202401,1464,0.29958086
202401,1467,-0.022757646
202401,1473,1.237594227
202401,1474,0.627664793
202401,1516,1.034461065
202401,1517,0.66854963
202401,1527,0.384971699
202401,1540,0.468276076
202401,1598,0.700912222
202401,1708,0.541024786
202401,1709,0.448835488
202401,1710,0.794682057
202401,1714,0.320090912
202401,1718,0.560944316
202401,1737,0.241005735
202401,1815,1.990255735
202401,1909,0.582862937
202401,2007,0.880620442
202401,2017,0.789138958
202401,2023,0.761951829
202401,2034,0.406098249
202401,2038,0.736983898
202401,2102,0.663053834
202401,2312,0.983429242
202401,2349,1.005798951
202401,2362,1.238070768
202401,2393,1.093132531
202401,2399,1.389431952
202401,2474,0.431559145
202401,2489,0.884456389
202401,2514,0.79991373
202401,2538,0.757013518
202401,2545,0.553405968
202401,2601,0.314239414
202401,2603,0.903570218
202401,2605,0.405312735
202401,2609,0.820238724
202401,2612,0.469089184
202401,2615,0.775176386
202401,2704,0.550869076
202401,2820,0.172890055
202401,2832,0.525256402
202401,2851,0.851876857
202401,2852,0.680981885
202401,2867,-0.178295772
202401,2897,0.411968392
202401,2905,0.672997501
202401,2915,0.435199329
202401,3048,0.57079614
202401,3050,1.140907804
202401,3202,0.94346154
202401,3221,1.070364724
202401,3490,0.201750953
202401,3576,0.650445188
202401,3605,0.921746786
202401,3714,1.033891435
202401,4566,0.753094937
202401,4714,1.83009365
202401,4716,1.06495672
202401,4720,0.52006165
202401,4905,0.837345463
202401,4956,0.758198233
202401,4960,1.368632058
202401,4973,1.644804914
202401,5014,0.658040167
202401,5464,0.838997721
202401,5498,1.327661114
202401,5512,0.621586125
202401,5515,0.857697602
202401,5530,-0.081746902
202401,6153,0.903931917
202401,6164,1.280624803
202401,6265,1.449860355
202401,6706,1.215377154
202401,8011,0.88814107
202401,8021,0.75529111
202401,8044,0.610225775
202401,8104,1.196859789
202401,8110,1.492706817
202401,8131,0.382391896
202401,8182,1.249851933
202401,8473,0.905187769
202401,8928,0.477450826
202401,8938,0.426603867
202401,9902,-0.405299477
202401,9904,0.998984107
202401,9944,0.034982298
202401,9945,0.674719663
202401,1201,0.233823096
202401,1217,0.358948154
202401,1218,0.265594968
202401,1307,0.486894726
202401,1310,0.537011968
202401,1314,0.978416257
202401,1321,0.444861278
202401,1409,0.623583721
202401,1413,0.432707325
202401,1444,0.464252797
202401,1447,0.42254946
202401,1449,0.713668688
202401,1455,0.691322413
202401,1460,0.447332734
202401,1464,0.304735396
202401,1467,-0.05365585
202401,1473,0.797665474
202401,1474,0.64557258
202401,1517,0.687177142
202401,1527,0.427641804
202401,1540,0.475826251
202401,1598,0.622469268
202401,1708,0.534800783
202401,1710,0.72660365
202401,1714,0.318897186
202401,1718,0.596330167
202401,1737,0.239159072
202401,1909,0.55976882
202401,2007,0.940730096
202401,2017,0.721996071
202401,2023,0.735075753
202401,2031,0.880814136
202401,2034,0.424524815
202401,2038,0.751525454
202401,2102,0.548606889
202401,2312,0.940198287
202401,2349,0.974155111
202401,2362,1.601464884
202401,2444,0.467588054
202401,2474,0.46915835
202401,2489,1.120828842
202401,2514,0.510767631
202401,2538,0.465578795
202401,2545,0.570122647
202401,2601,0.380644513
202401,2603,0.780070891
202401,2605,0.544885315
202401,2609,1.069010982
202401,2612,0.489877192
202401,2615,1.116383572
202401,2704,0.669076021
202401,2820,0.246965878
202401,2832,0.551083373
202401,2851,0.900126446
202401,2852,0.641190605
202401,2867,-0.244422659
202401,2881,0.712743299
202401,2882,0.841983861
202401,2883,0.819332778
202401,2888,0.718285495
202401,2897,0.412709597
202401,2905,0.76205126
202401,2915,0.553418451
202401,3050,1.092813523
202401,3057,1.180946591
202401,3221,0.942888524
202401,3490,0.511612767
202401,3576,0.613819162
202401,3714,1.151607594
202401,4714,1.750418538
202401,4716,1.298335494
202401,4720,0.436918572
202401,4905,0.866208911
202401,4956,0.863515576
202401,4960,1.353570049
202401,4973,1.643639704
202401,5014,0.514740449
202401,5450,0.595125715
202401,5464,0.799421749
202401,5498,1.427120297
202401,5515,0.885155101
202401,6114,0.743190239
202401,6153,0.761139744
202401,6164,1.051284355
202401,6265,1.488504067
202401,8011,0.821473229
202401,8044,0.798518551
202401,8104,1.163390021
202401,8107,0.009497161
202401,8110,1.266115775
202401,8131,0.47466332
202401,8182,1.033699028
202401,8473,0.750636888
202401,8928,0.6247522
202401,8938,0.515001297
202401,9902,-0.312764022
202401,9904,0.997730772
202401,9928,0.275659603
202401,9944,0.049423023
202401,9945,0.783024895
202402,1102,0.304282172
202402,1310,0.697988218
202402,1455,0.801548188
202402,1464,0.680695493
202402,1528,1.251305055
202402,1532,1.031070134
202402,1570,1.360355867
202402,1605,1.122994479
202402,1617,1.005289496
202402,1708,0.645863477
202402,1709,0.777233999
202402,1718,0.766066299
202402,1721,0.960066112
202402,1815,1.197706205
202402,1909,0.782154207
202402,2030,0.37337412
202402,2031,1.084011136
202402,2034,0.44761329
202402,2062,0.94594661
202402,2069,0.460936605
202402,2102,1.057340184
202402,2107,0.878659051
202402,2323,1.116665778
202402,2337,0.51991135
202402,2344,0.830371749
202402,2369,1.275338093
202402,2375,1.122905031
202402,2390,0.930383138
202402,2409,0.720251849
202402,2426,1.019698552
202402,2461,0.816843307
202402,2477,1.144770262
202402,2492,1.30703432
202402,2509,1.018189642
202402,2520,1.425714653
202402,2537,1.29300221
202402,2601,0.919889343
202402,2603,1.038640103
202402,2605,0.88661094
202402,2609,1.061000971
202402,2612,0.962629292
202402,2614,0.981563315
202402,2615,1.250782252
202402,2867,0.809866177
202402,2905,0.765859016
202402,2915,0.988686731
202402,3049,1.097163025
202402,3060,1.329929606
202402,3211,0.622977007
202402,3306,1.267054207
202402,3323,0.968728917
202402,3360,1.091221597
202402,3481,0.82072811
202402,3528,0.264320087
202402,3591,1.125251406
202402,3605,1.038762014
202402,3607,1.248910323
202402,3669,1.176730886
202402,3703,0.913069336
202402,3706,1.260257875
202402,3714,0.970480392
202402,4155,0.889211323
202402,4306,0.933162382
202402,4541,0.935172599
202402,4555,1.030092579
202402,4716,1.304986036
202402,4746,1.100571854
202402,4906,1.202269974
202402,4956,1.364319595
202402,5011,0.731629662
202402,5014,0.726755114
202402,5202,1.405747283
202402,5272,1.296105414
202402,5488,0.943230979
202402,5498,1.326486313
202402,5603,0.929854091
202402,5608,1.105507619
202402,6116,0.992592972
202402,6142,1.05998129
202402,6153,1.111612276
202402,6158,0.806611127
202402,6163,1.337643532
202402,6164,0.799147745
202402,6194,0.927367618
202402,6220,0.570573958
202402,6240,0.733715878
202402,6248,0.697125463
202402,6552,1.077503795
202402,6582,1.144237648
202402,6603,0.795447512
202402,6727,0.532158262
202402,8039,0.929549982
202402,8043,0.341670765
202402,8044,1.089910829
202402,8104,1.147751121
202402,8107,0.947896236
202402,8367,0.701386907
202402,8916,0.521944635
202402,8938,0.557646894
202402,9907,0.670583272
202402,1102,0.306111327
202402,1310,0.692512686
202402,1455,0.84430169
202402,1464,0.683589902
202402,1528,1.276385238
202402,1532,1.078280224
202402,1570,1.336656839
202402,1605,1.132512366
202402,1708,0.587993842
202402,1709,0.734473539
202402,1718,0.755168463
202402,1815,1.313880369
202402,1909,0.790122204
202402,2030,0.364844234
202402,2031,1.082747682
202402,2034,0.446653437
202402,2062,1.066988773
202402,2069,0.452081188
202402,2102,1.063629626
202402,2107,0.893474459
202402,2323,1.062352184
202402,2337,0.513508468
202402,2344,0.80288001
202402,2369,1.242668571
202402,2375,1.132957
202402,2390,0.875911512
202402,2409,0.738442967
202402,2426,1.015934927
202402,2461,0.839869485
202402,2477,1.158105303
202402,2492,1.272995522
202402,2509,1.039053217
202402,2520,1.434703325
202402,2535,0.631168981
202402,2537,1.384364346
202402,2601,0.908128014
202402,2603,1.018294938
202402,2605,0.837778825
202402,2609,0.920608127
202402,2612,0.90156705
202402,2614,0.967244279
202402,2615,1.080369833
202402,2852,0.843207446
202402,2867,0.865091685
202402,2881,1.005148633
202402,2882,1.108322672
202402,2888,0.856400018
202402,2905,0.67089371
202402,2915,0.989044184
202402,3049,1.099906043
202402,3060,1.37530513
202402,3211,0.693144226
202402,3306,1.238963911
202402,3323,1.131126499
202402,3481,0.813822936
202402,3550,0.903053223
202402,3605,1.03855122
202402,3607,1.234622614
202402,3703,0.918783986
202402,3706,1.282225645
202402,3714,0.966941331
202402,4306,0.936132972
202402,4532,1.023163573
202402,4541,1.005365593
202402,4716,1.189890588
202402,4746,1.105718955
202402,4906,1.200043218
202402,4960,0.901924491
202402,5011,0.720410892
202402,5014,0.761930274
202402,5202,1.416948839
202402,5272,1.352841013
202402,5392,1.444251716
202402,5398,0.890504285
202402,5488,1.00018296
202402,5498,1.291481742
202402,5603,0.91429064
202402,5608,1.01684651
202402,6114,1.30794239
202402,6116,1.012002938
202402,6152,0.973942664
202402,6153,1.193988533
202402,6158,0.822840227
202402,6163,1.240375906
202402,6164,0.796892957
202402,6194,0.947385994
202402,6220,0.554738388
202402,6248,0.695682129
202402,6552,1.236545562
202402,6582,1.209863448
202402,6727,0.535821287
202402,8043,0.344295463
202402,8044,1.062421751
202402,8076,0.81952005
202402,8104,1.14398071
202402,8107,1.108897019
202402,8403,0.607033704
202402,8916,0.533848157
202402,8938,0.522627326
202402,9907,0.649022959
202503,1304,0.487144991
202503,1305,0.391806354
202503,1326,1.054296258
202503,1409,1.020188183
202503,1419,-0.217787023
202503,1515,0.215462885
202503,1517,-0.173614308
202503,1526,-0.329630854
202503,1528,0.94098785
202503,1532,0.240233477
202503,1608,1.211839005
202503,1708,-0.01227012
202503,1718,0.437875144
202503,1907,0.042565043
202503,2034,0.022624925
202503,2102,-0.057404557
202503,2305,1.506470262
202503,2316,1.062369956
202503,2323,1.108178827
202503,2327,2.446253906
202503,2331,1.144566605
202503,2332,1.056058423
202503,2362,0.971412867
202503,2413,1.231579605
202503,2425,1.201976411
202503,2457,2.315591682
202503,2462,0.510310407
202503,2485,0.775870092
202503,2489,0.972371169
202503,2495,1.280220399
202503,2498,1.43881921
202503,2527,0.930022118
202503,2606,0.216842756
202503,2611,-0.08323931
202503,2615,-0.185005463
202503,2617,-0.066686596
202503,2718,0.255031086
202503,2851,-0.053328711
202503,2867,0.033628928
202503,2905,0.464301398
202503,2915,0.4742783
202503,3015,1.249497936
202503,3022,0.94611496
202503,3027,1.07037535
202503,3050,0.860381365
202503,3105,1.789682575
202503,3188,0.389504977
202503,3209,0.613165041
202503,3356,0.760223671
202503,3490,1.48175383
202503,3518,1.247574788
202503,3540,0.881144462
202503,3615,1.336649203
202503,3622,0.415830839
202503,3687,0.669919366
202503,3691,1.007880606
202503,3703,0.571376226
202503,3704,1.555873776
202503,4123,0.051347448
202503,4438,0.490938358
202503,4523,0.262590568
202503,4533,0.972374762
202503,4566,0.822232277
202503,4714,0.669616975
202503,4716,0.946852875
202503,4736,0.150178152
202503,4746,0.275616943
202503,4906,1.17799762
202503,4933,0.754299687
202503,4956,1.569407623
202503,4973,1.463557587
202503,5283,0.396010194
202503,5299,1.254630068
202503,5438,1.05700277
202503,5511,0.131519193
202503,5515,-0.314421419
202503,5519,0.489248121
202503,5522,0.185656976
202503,5905,0.263612495
202503,6109,1.086747343
202503,6116,1.079608295
202503,6152,0.677845496
202503,6234,1.134706127
202503,6265,0.818115094
202503,6470,0.714774459
202503,6494,0.822564082
202503,6582,-0.531947587
202503,6901,0.787894848
202503,8071,0.971538448
202503,8085,1.369077247
202503,8105,0.987415263
202503,8110,2.73845214
202503,8171,0.679221023
202503,8183,1.330409379
202503,8249,1.655558243
202503,8415,0.123607591
202503,9914,0.433004254
202503,9924,0.159763144
202503,9933,0.284766374
202503,9935,0.648977523
202503,1304,0.687207997
202503,1305,0.719832104
202503,1326,1.160620755
202503,1409,0.591779099
202503,1419,-0.437674642
202503,1437,0.304993523
202503,1515,0.655562289
202503,1528,0.538031753
202503,1532,0.42902474
202503,1598,0.551674747
202503,1608,1.011641814
202503,1708,0.260225846
202503,1718,0.50668671
202503,1907,-0.03727421
202503,2034,0.320077161
202503,2102,0.2404906
202503,2305,0.99050678
202503,2323,0.978632131
202503,2331,0.791070334
202503,2332,1.064580876
202503,2362,0.881546878
202503,2425,1.167164098
202503,2457,1.74490722
202503,2485,0.940581456
202503,2489,0.4904465
202503,2495,1.116111149
202503,2498,1.085594678
202503,2527,1.07283228
202503,2606,0.444916968
202503,2615,0.003364939
202503,2617,0.283630548
202503,2718,0.54173227
202503,2816,0.204089063
202503,2851,0.124809819
202503,2867,0.375577381
202503,2883,0.640590791
202503,2887,0.313614688
202503,2905,0.521596266
202503,2915,0.56912401
202503,3015,0.670597526
202503,3022,1.029788541
202503,3027,0.623569535
202503,3050,0.462156651
202503,3105,1.725403292
202503,3188,0.405300613
202503,3209,0.774423425
202503,3356,0.792063357
202503,3490,1.193380685
202503,3521,0.641741944
202503,3540,0.775957219
202503,3607,0.403916545
202503,3615,1.260419955
202503,3622,0.564114596
202503,3687,0.669080713
202503,3691,0.910017074
202503,3703,0.552225408
202503,3704,1.494003107
202503,4123,0.352510426
202503,4303,0.700263901
202503,4438,0.484833804
202503,4523,0.427719612
202503,4533,1.150849325
202503,4543,0.748084485
202503,4566,0.499268123
202503,4714,0.72615684
202503,4716,0.688578393
202503,4736,0.294856196
202503,4746,0.246593466
202503,4906,1.196695659
202503,4933,0.727685853
202503,4956,1.610013917
202503,4973,1.246028503
202503,5283,0.511073087
202503,5299,0.993907532
202503,5438,1.447688075
202503,5511,0.145088073
202503,5515,-0.267295707
202503,5519,0.582962514
202503,5522,0.528392521
202503,5905,0.578291667
202503,6114,1.140922422
202503,6116,0.891982808
202503,6220,0.439455589
202503,6234,1.038688106
202503,6265,1.247904015
202503,6432,1.087530818
202503,6470,0.685151984
202503,6751,-0.230192588
202503,6901,0.703116447
202503,8071,0.885346403
202503,8105,0.923765229
202503,8110,2.467781824
202503,8171,0.761993961
202503,8183,1.428143532
202503,8249,1.209695341
202503,8415,0.069098817
202503,9914,0.470739484
202503,9924,0.087418752
202503,9933,0.541256314
202503,9935,0.714638519
202404,1101,0.494980078
202404,1102,0.236263226
202404,1301,1.180132839
202404,1309,0.83544225
202404,1313,0.769235533
202404,1314,0.719136007
202404,1402,0.593454794
202404,1451,0.396299879
202404,1460,0.446187609
202404,1463,0.618858915
202404,1464,0.221866891
202404,1466,0.535511307
202404,1595,1.72569984
202404,1598,0.923099317
202404,1802,0.763734958
202404,1907,0.375117614
202404,2029,0.435067769
202404,2069,0.571734716
202404,2227,1.341280571
202404,2316,0.93216277
202404,2362,0.969376972
202404,2371,0.996030682
202404,2387,0.580493121
202404,2409,1.193643763
202404,2413,1.314467079
202404,2425,1.038258286
202404,2430,0.206072032
202404,2444,0.92308116
202404,2474,0.391301641
202404,2492,1.299694755
202404,2501,0.668011925
202404,2511,0.364379684
202404,2515,0.385126355
202404,2524,0.735315055
202404,2527,1.02603975
202404,2534,0.50961012
202404,2536,0.178509368
202404,2537,0.912867457
202404,2538,0.684554227
202404,2547,0.522310575
202404,2612,0.899076201
202404,2614,0.742445038
202404,2816,0.353037247
202404,2903,0.765277096
202404,3022,1.257591457
202404,3024,0.790081277
202404,3028,0.267537479
202404,3048,1.162063067
202404,3049,1.027140809
202404,3056,0.527240562
202404,3060,0.962816994
202404,3114,0.358172424
202404,3128,0.770198281
202404,3272,1.443542989
202404,3346,1.082158962
202404,3481,1.078766447
202404,3498,1.660195157
202404,3501,0.66749704
202404,3576,1.049213436
202404,3605,1.996524155
202404,3607,0.999376682
202404,3704,1.395593541
202404,3709,0.529068114
202404,4111,0.031753081
202404,4432,0.410777029
202404,4551,0.750353474
202404,4707,0.512462472
202404,4714,1.336366048
202404,4949,1.087351232
202404,4960,0.482527515
202404,5014,0.583668405
202404,5213,0.300933515
202404,5328,1.559323372
202404,5438,1.661016011
202404,5512,0.541970151
202404,5519,0.62842946
202404,5530,0.730361921
202404,5531,-0.015857874
202404,5534,0.682727394
202404,6114,1.095976946
202404,6120,1.13083585
202404,6153,1.566749169
202404,6156,0.727760992
202404,6163,1.35015153
202404,6179,0.925252663
202404,6220,0.451021132
202404,6282,1.11705162
202404,6405,1.450738933
202404,6706,2.601505637
202404,6770,1.663540704
202404,6835,0.795206131
202404,8011,1.092236983
202404,8071,1.754077322
202404,8072,0.616286436
202404,8088,1.372504837
202404,8105,1.241044274
202404,8107,1.102738153
202404,8183,1.268408427
202404,8213,0.629105217
202404,9946,0.869306396
202501,1301,0.998291656
202501,1303,0.979730677
202501,1313,1.009195026
202501,1325,1.119948756
202501,1326,1.005945226
202501,1409,1.003605106
202501,1440,1.046471605
202501,1449,1.239014882
202501,1451,0.997966391
202501,1473,1.090903103
202501,1527,1.002903478
202501,1528,1.273859917
202501,1563,1.0983098
202501,1568,1.129538513
202501,1603,1.153114513
202501,1605,1.301162887
202501,1714,0.729710585
202501,1718,0.998845858
202501,1802,1.128239781
202501,1909,0.995156717
202501,2010,0.917785635
202501,2023,0.60208207
202501,2027,0.817467456
202501,2034,1.158101364
202501,2038,1.014021254
202501,2103,0.817482654
202501,2104,1.023837374
202501,2107,0.555700819
202501,2316,1.305016663
202501,2331,1.371433032
202501,2354,1.284239492
202501,2390,1.25572489
202501,2406,1.205406762
202501,2409,1.223169194
202501,2498,1.153526739
202501,2511,0.829681933
202501,2534,0.84218194
202501,2547,0.926318125
202501,2607,0.953256107
202501,2736,1.104220858
202501,2832,0.827034888
202501,2851,0.680206079
202501,2852,0.855410575
202501,2867,0.804503093
202501,2897,0.626441749
202501,2905,1.03922883
202501,2915,0.967387411
202501,3028,0.811944712
202501,3048,1.273516081
202501,3050,1.218742427
202501,3052,0.863094006
202501,3060,1.17754702
202501,3062,1.323946445
202501,3189,1.337028877
202501,3311,0.599118893
202501,3540,1.251350275
202501,3550,1.196860272
202501,3557,1.067105005
202501,3576,1.178239293
202501,3605,1.312303912
202501,3615,1.35375442
202501,3691,1.217799828
202501,3701,1.427277973
202501,3704,1.247016953
202501,3714,1.21078126
202501,4123,1.044725121
202501,4167,1.213846767
202501,4173,0.932433684
202501,4420,1.119852366
202501,4526,1.320690695
202501,4555,1.385024494
202501,4566,1.313229473
202501,4714,1.3596594
202501,4746,1.217717157
202501,4934,1.267780154
202501,5213,1.003464874
202501,5306,1.144789173
202501,5512,0.901537872
202501,5876,0.306808302
202501,6114,1.322694702
202501,6116,1.195685471
202501,6156,1.198828297
202501,6179,1.191915804
202501,6218,1.265550167
202501,6271,1.292735509
202501,6443,1.240364256
202501,6477,1.237281276
202501,6485,1.395387427
202501,6505,1.008363815
202501,6684,1.447165837
202501,6706,1.336258508
202501,6770,1.262115694
202501,8044,1.084885267
202501,8105,1.226769594
202501,8110,1.258897082
202501,8415,0.690230888
202501,8473,1.137443464
202501,8938,1.155849151
202501,9919,1.072445378
202501,9951,1.017996502
202501,1301,0.994194466
202501,1303,0.967670785
202501,1313,1.020813419
202501,1326,1.005982493
202501,1409,1.00733027
202501,1440,1.075134953
202501,1449,1.258171472
202501,1451,1.00332526
202501,1460,0.828221843
202501,1471,1.009573134
202501,1473,1.101808381
202501,1527,1.003416147
202501,1528,1.260781614
202501,1563,1.097525433
202501,1603,1.163515969
202501,1605,1.293555279
202501,1714,0.739160353
202501,1718,1.003599186
202501,1909,0.989398753
202501,2010,0.922739709
202501,2023,0.612900035
202501,2025,1.150087582
202501,2027,0.803658646
202501,2029,0.914301358
202501,2034,1.160925141
202501,2038,1.019604711
202501,2103,0.806011811
202501,2104,1.021897043
202501,2305,1.277213145
202501,2316,1.297181127
202501,2331,1.366211639
202501,2354,1.277519399
202501,2390,1.22997155
202501,2406,1.22109522
202501,2409,1.219612498
202501,2431,1.141057659
202501,2498,1.194311609
202501,2511,0.84434008
202501,2534,0.850503004
202501,2547,0.919565394
202501,2736,1.112675155
202501,2832,0.829424386
202501,2851,0.684223144
202501,2852,0.852096748
202501,2867,0.790832828
202501,2882,1.059400105
202501,2905,1.040775797
202501,2915,0.979589376
202501,3028,0.795826561
202501,3048,1.266473063
202501,3049,1.17211781
202501,3050,1.219830517
202501,3052,0.853639549
202501,3057,0.977727111
202501,3060,1.18919396
202501,3062,1.302034754
202501,3189,1.328029905
202501,3540,1.275566756
202501,3550,1.200085058
202501,3557,1.083333712
202501,3576,1.203183281
202501,3605,1.315672412
202501,3615,1.345103395
202501,3691,1.222311241
202501,3701,1.438134569
202501,3704,1.27115232
202501,3714,1.200708613
202501,4123,1.041018839
202501,4420,1.113873945
202501,4526,1.296875269
202501,4540,1.418902954
202501,4555,1.345096655
202501,4566,1.300814735
202501,4714,1.32674401
202501,4746,1.215697793
202501,4934,1.312145312
202501,5213,1.030212339
202501,5306,1.151433389
202501,5512,0.890037294
202501,5876,0.29326323
202501,6114,1.370921647
202501,6116,1.197207764
202501,6141,1.087609885
202501,6156,1.218076233
202501,6271,1.297038438
202501,6443,1.251105857
202501,6477,1.235348984
202501,6485,1.408178528
202501,6504,1.138033544
202501,6505,1.035606248
202501,6684,1.44139944
202501,6706,1.369974485
202501,6770,1.252010646
202501,8044,1.079272768
202501,8105,1.214364118
202501,8110,1.263838062
202501,8473,1.108379394
202501,8938,1.172326225
202501,9919,1.019146029
202501,9951,1.017125751
202502,1102,0.695728458
202502,1104,0.618337126
202502,1217,0.416374877
202502,1218,0.462691896
202502,1229,1.039592394
202502,1310,1.354347624
202502,1313,1.241322435
202502,1316,0.994946208
202502,1402,0.49361108
202502,1414,0.967718292
202502,1419,0.757174197
202502,1438,1.075090321
202502,1440,1.299783947
202502,1532,0.960698682
202502,1603,1.100256936
202502,1605,2.011382579
202502,1609,1.350898139
202502,1612,0.856520122
202502,1714,0.865366438
202502,1718,1.212416854
202502,1722,0.929669086
202502,1806,0.88656813
202502,1809,1.570035663
202502,1810,1.046628507
202502,1904,0.669360512
202502,1907,1.26489809
202502,2010,0.908164388
202502,2031,0.874345244
202502,2062,0.982170677
202502,2104,1.162709116
202502,2201,1.606927504
202502,2204,1.114675749
202502,2211,1.010996893
202502,2316,0.654592505
202502,2323,1.43093197
202502,2363,1.573363076
202502,2409,1.272779788
202502,2477,1.224806062
202502,2485,1.63758779
202502,2501,1.272752965
202502,2505,1.295079538
202502,2515,0.716530453
202502,2534,0.798999611
202502,2545,1.176826012
202502,2601,0.966407805
202502,2605,0.952649597
202502,2612,0.93916364
202502,2613,0.846097285
202502,2636,0.611501563
202502,2641,1.228618163
202502,2809,0.044469088
202502,2867,0.473597146
202502,2913,1.159559827
202502,3011,0.056004752
202502,3015,1.266944857
202502,3021,1.174629664
202502,3031,1.373399536
202502,3048,1.884552325
202502,3052,0.95314319
202502,3306,1.367460406
202502,3311,1.490416479
202502,3490,1.161363781
202502,3498,2.551400222
202502,3518,1.877616391
202502,3550,1.726074438
202502,3630,1.211353333
202502,3703,0.936745581
202502,3709,1.849290428
202502,3710,1.262162948
202502,4417,0.410434746
202502,4526,2.045570049
202502,4540,1.91101158
202502,4555,1.487536843
202502,4736,0.249748553
202502,4934,2.102006364
202502,5283,0.510449357
202502,5478,1.048481389
202502,5521,0.859029617
202502,5608,1.149310571
202502,6116,1.454586095
202502,6126,1.025069146
202502,6153,2.178500713
202502,6179,1.281689232
202502,6182,2.930383512
202502,6269,1.275791787
202502,6270,1.185583744
202502,6477,1.485225119
202502,6592,0.962916451
202502,8076,1.155600242
202502,8104,1.840531022
202502,8213,0.961019967
202502,8279,0.314034527
202502,8473,0.876494966
202502,8916,0.230363269
202502,8924,0.191731237
202502,9902,0.597080815
202502,9921,2.01162001
202502,9925,0.146357187
202502,9933,1.046650807
202502,9934,0.968343809
202502,1102,0.609352578
202502,1104,0.510155962
202502,1108,0.362421339
202502,1217,0.373713074
202502,1218,0.402542454
202502,1310,1.035427461
202502,1313,1.299658792
202502,1316,0.672077895
202502,1402,0.428964042
202502,1419,0.557411346
202502,1438,0.86344698
202502,1440,0.902312063
202502,1532,0.733494497
202502,1603,0.95928895
202502,1605,1.758959614
202502,1612,0.795962358
202502,1714,0.714041974
202502,1718,1.169821457
202502,1722,0.659053931
202502,1737,0.02943303
202502,1810,1.333802199
202502,2010,1.143076161
202502,2022,0.670526848
202502,2031,0.681376346
202502,2062,0.920613964
202502,2104,1.203146739
202502,2204,0.811054743
202502,2211,0.81879458
202502,2323,1.281410118
202502,2409,1.12047752
202502,2477,1.25516423
202502,2485,1.583922127
202502,2501,0.992771974
202502,2505,1.091970073
202502,2511,0.447249766
202502,2515,0.434771428
202502,2534,0.702826555
202502,2536,0.301295647
202502,2545,0.837042495
202502,2601,0.881164214
202502,2605,0.870221948
202502,2612,0.92743549
202502,2613,0.866949514
202502,2614,0.532614195
202502,2636,0.583698357
202502,2641,1.066010672
202502,2704,1.104631693
202502,2801,0.316955111
202502,2809,0.029928661
202502,2834,0.425672606
202502,2836,0.054728459
202502,2838,0.131605943
202502,2852,0.229622888
202502,2867,-0.052831273
202502,2887,0.299548756
202502,2897,0.298243776
202502,2905,0.574903658
202502,2913,0.865920679
202502,3002,1.066231038
202502,3011,-0.122866367
202502,3015,1.447946947
202502,3031,1.09271389
202502,3049,1.465103554
202502,3052,0.961715017
202502,3058,1.628928295
202502,3306,1.621126129
202502,3490,1.492839311
202502,3498,1.626322875
202502,3518,2.057369442
202502,3550,1.441467082
202502,3615,0.991978015
202502,3703,0.831816224
202502,3709,1.527951843
202502,4173,0.823981992
202502,4207,0.31032258
202502,4417,0.412199849
202502,4540,1.942362905
202502,4736,0.563097107
202502,4934,1.576847838
202502,5283,0.395794398
202502,5488,0.748283303
202502,5512,0.65697277
202502,5521,0.747609471
202502,5608,1.016812261
202502,6116,1.399028077
202502,6126,0.882476738
202502,6153,2.465848669
202502,6182,2.127830094
202502,6269,1.584136006
202502,6270,0.991148826
202502,6592,0.865278106
202502,8068,1.705986505
202502,8213,0.927976933
202502,8279,0.248274089
202502,8473,1.163737908
202502,8924,0.147892094
202502,9921,1.686851081
202502,9925,0.077079556
202502,9933,0.791246762
202502,9934,0.762876587
